"STATION","NAME","DATE","DAPR","MDPR","PRCP","SNOW","SNWD"
"USW00026451","ANCHORAGE TED STEVENS INTERNATIONAL AIRPORT, AK US","1952-04-01",,,"0.00",,
"USW00026451","ANCHORAGE TED STEVENS INTERNATIONAL AIRPORT, AK US","1952-04-02",,,"0.00",,
"USW00026451","ANCHORAGE TED STEVENS INTERNATIONAL AIRPORT, AK US","1952-04-03",,,"0.00",,
"USW00026451","ANCHORAGE TED STEVENS INTERNATIONAL AIRPORT, AK US","1952-04-04",,,"0.00",,
"USW00026451","ANCHORAGE TED STEVENS INTERNATIONAL AIRPORT, AK US","1952-04-05",,,"0.00",,
"USW00026451","ANCHORAGE TED STEVENS INTERNATIONAL AIRPORT, AK US","1952-04-06",,,"0.00",,
"USW00026451","ANCHORAGE TED STEVENS INTERNATIONAL AIRPORT, AK US","1952-04-07",,,"0.00",,
"USW00026451","ANCHORAGE TED STEVENS INTERNATIONAL AIRPORT, AK US","1952-04-08",,,"0.00",,
"USW00026451","ANCHORAGE TED STEVENS INTERNATIONAL AIRPORT, AK US","1952-04-09",,,"0.04",,
"USW00026451","ANCHORAGE TED STEVENS INTERNATIONAL AIRPORT, AK US","1952-04-10",,,"0.00",,
"USW00026451","ANCHORAGE TED STEVENS INTERNATIONAL AIRPORT, AK US","1952-04-11",,,"0.00",,
"USW00026451","ANCHORAGE TED STEVENS INTERNATIONAL AIRPORT, AK US","1952-04-12",,,"0.00",,
"USW00026451","ANCHORAGE TED STEVENS INTERNATIONAL AIRPORT, AK US","1952-04-13",,,"0.00",,
"USW00026451","ANCHORAGE TED STEVENS INTERNATIONAL AIRPORT, AK US","1952-04-14",,,"0.00",,
"USW00026451","ANCHORAGE TED STEVENS INTERNATIONAL AIRPORT, AK US","1952-04-15",,,"0.00",,
"USW00026451","ANCHORAGE TED STEVENS INTERNATIONAL AIRPORT, AK US","1952-04-16",,,"0.27",,
"USW00026451","ANCHORAGE TED STEVENS INTERNATIONAL AIRPORT, AK US","1952-04-17",,,"0.00",,
"USW00026451","ANCHORAGE TED STEVENS INTERNATIONAL AIRPORT, AK US","1952-04-18",,,"0.00",,
"USW00026451","ANCHORAGE TED STEVENS INTERNATIONAL AIRPORT, AK US","1952-04-19",,,"0.00",,
"USW00026451","ANCHORAGE TED STEVENS INTERNATIONAL AIRPORT, AK US","1952-04-20",,,"0.00",,
"USW00026451","ANCHORAGE TED STEVENS INTERNATIONAL AIRPORT, AK US","1952-04-21",,,"0.00",,
"USW00026451","ANCHORAGE TED STEVENS INTERNATIONAL AIRPORT, AK US","1952-04-22",,,"0.00",,
"USW00026451","ANCHORAGE TED STEVENS INTERNATIONAL AIRPORT, AK US","1952-04-23",,,"0.00",,
"USW00026451","ANCHORAGE TED STEVENS INTERNATIONAL AIRPORT, AK US","1952-04-24",,,"0.13",,
"USW00026451","ANCHORAGE TED STEVENS INTERNATIONAL AIRPORT, AK US","1952-04-25",,,"0.00",,
"USW00026451","ANCHORAGE TED STEVENS INTERNATIONAL AIRPORT, AK US","1952-04-26",,,"0.00",,
"USW00026451","ANCHORAGE TED STEVENS INTERNATIONAL AIRPORT, AK US","1952-04-27",,,"0.00",,
"USW00026451","ANCHORAGE TED STEVENS INTERNATIONAL AIRPORT, AK US","1952-04-28",,,"0.00",,
"USW00026451","ANCHORAGE TED STEVENS INTERNATIONAL AIRPORT, AK US","1952-04-29",,,"0.00",,
"USW00026451","ANCHORAGE TED STEVENS INTERNATIONAL AIRPORT, AK US","1952-04-30",,,"0.00",,
"USW00026451","ANCHORAGE TED STEVENS INTERNATIONAL AIRPORT, AK US","1952-05-01",,,"0.00",,
"USW00026451","ANCHORAGE TED STEVENS INTERNATIONAL AIRPORT, AK US","1952-05-02",,,"0.00",,
"USW00026451","ANCHORAGE TED STEVENS INTERNATIONAL AIRPORT, AK US","1952-05-03",,,"0.00",,
"USW00026451","ANCHORAGE TED STEVENS INTERNATIONAL AIRPORT, AK US","1952-05-04",,,"0.00",,
"USW00026451","ANCHORAGE TED STEVENS INTERNATIONAL AIRPORT, AK US","1952-05-05",,,"0.03",,
"USW00026451","ANCHORAGE TED STEVENS INTERNATIONAL AIRPORT, AK US","1952-05-06",,,"0.12",,
"USW00026451","ANCHORAGE TED STEVENS INTERNATIONAL AIRPORT, AK US","1952-05-07",,,"0.08",,
"USW00026451","ANCHORAGE TED STEVENS INTERNATIONAL AIRPORT, AK US","1952-05-08",,,"0.00",,
"USW00026451","ANCHORAGE TED STEVENS INTERNATIONAL AIRPORT, AK US","1952-05-09",,,"0.00",,
"USW00026451","ANCHORAGE TED STEVENS INTERNATIONAL AIRPORT, AK US","1952-05-10",,,"0.00",,
"USW00026451","ANCHORAGE TED STEVENS INTERNATIONAL AIRPORT, AK US","1952-05-11",,,"0.00",,
"USW00026451","ANCHORAGE TED STEVENS INTERNATIONAL AIRPORT, AK US","1952-05-12",,,"0.00",,
"USW00026451","ANCHORAGE TED STEVENS INTERNATIONAL AIRPORT, AK US","1952-05-13",,,"0.00",,
"USW00026451","ANCHORAGE TED STEVENS INTERNATIONAL AIRPORT, AK US","1952-05-14",,,"0.00",,
"USW00026451","ANCHORAGE TED STEVENS INTERNATIONAL AIRPORT, AK US","1952-05-15",,,"0.00",,
"USW00026451","ANCHORAGE TED STEVENS INTERNATIONAL AIRPORT, AK US","1952-05-16",,,"0.00",,
"USW00026451","ANCHORAGE TED STEVENS INTERNATIONAL AIRPORT, AK US","1952-05-17",,,"0.00",,
"USW00026451","ANCHORAGE TED STEVENS INTERNATIONAL AIRPORT, AK US","1952-05-18",,,"0.03",,
"USW00026451","ANCHORAGE TED STEVENS INTERNATIONAL AIRPORT, AK US","1952-05-19",,,"0.01",,
"USW00026451","ANCHORAGE TED STEVENS INTERNATIONAL AIRPORT, AK US","1952-05-20",,,"0.05",,
"USW00026451","ANCHORAGE TED STEVENS INTERNATIONAL AIRPORT, AK US","1952-05-21",,,"0.00",,
"USW00026451","ANCHORAGE TED STEVENS INTERNATIONAL AIRPORT, AK US","1952-05-22",,,"0.01",,
"USW00026451","ANCHORAGE TED STEVENS INTERNATIONAL AIRPORT, AK US","1952-05-23",,,"0.00",,
"USW00026451","ANCHORAGE TED STEVENS INTERNATIONAL AIRPORT, AK US","1952-05-24",,,"0.00",,
"USW00026451","ANCHORAGE TED STEVENS INTERNATIONAL AIRPORT, AK US","1952-05-25",,,"0.00",,
"USW00026451","ANCHORAGE TED STEVENS INTERNATIONAL AIRPORT, AK US","1952-05-26",,,"0.00",,
"USW00026451","ANCHORAGE TED STEVENS INTERNATIONAL AIRPORT, AK US","1952-05-27",,,"0.00",,
"USW00026451","ANCHORAGE TED STEVENS INTERNATIONAL AIRPORT, AK US","1952-05-28",,,"0.01",,
"USW00026451","ANCHORAGE TED STEVENS INTERNATIONAL AIRPORT, AK US","1952-05-29",,,"0.00",,
"USW00026451","ANCHORAGE TED STEVENS INTERNATIONAL AIRPORT, AK US","1952-05-30",,,"0.00",,
"USW00026451","ANCHORAGE TED STEVENS INTERNATIONAL AIRPORT, AK US","1952-05-31",,,"0.00",,
"USW00026451","ANCHORAGE TED STEVENS INTERNATIONAL AIRPORT, AK US","1952-06-01",,,"0.00",,
"USW00026451","ANCHORAGE TED STEVENS INTERNATIONAL AIRPORT, AK US","1952-06-02",,,"0.00",,
"USW00026451","ANCHORAGE TED STEVENS INTERNATIONAL AIRPORT, AK US","1952-06-03",,,"0.00",,
"USW00026451","ANCHORAGE TED STEVENS INTERNATIONAL AIRPORT, AK US","1952-06-04",,,"0.00",,
"USW00026451","ANCHORAGE TED STEVENS INTERNATIONAL AIRPORT, AK US","1952-06-05",,,"0.00",,
"USW00026451","ANCHORAGE TED STEVENS INTERNATIONAL AIRPORT, AK US","1952-06-06",,,"0.00",,
"USW00026451","ANCHORAGE TED STEVENS INTERNATIONAL AIRPORT, AK US","1952-06-07",,,"0.00",,
"USW00026451","ANCHORAGE TED STEVENS INTERNATIONAL AIRPORT, AK US","1952-06-08",,,"0.00",,
"USW00026451","ANCHORAGE TED STEVENS INTERNATIONAL AIRPORT, AK US","1952-06-09",,,"0.00",,
"USW00026451","ANCHORAGE TED STEVENS INTERNATIONAL AIRPORT, AK US","1952-06-10",,,"0.00",,
"USW00026451","ANCHORAGE TED STEVENS INTERNATIONAL AIRPORT, AK US","1952-06-11",,,"0.00",,
"USW00026451","ANCHORAGE TED STEVENS INTERNATIONAL AIRPORT, AK US","1952-06-12",,,"0.00",,
"USW00026451","ANCHORAGE TED STEVENS INTERNATIONAL AIRPORT, AK US","1952-06-13",,,"0.00",,
"USW00026451","ANCHORAGE TED STEVENS INTERNATIONAL AIRPORT, AK US","1952-06-14",,,"0.00",,
"USW00026451","ANCHORAGE TED STEVENS INTERNATIONAL AIRPORT, AK US","1952-06-15",,,"0.00",,
"USW00026451","ANCHORAGE TED STEVENS INTERNATIONAL AIRPORT, AK US","1952-06-16",,,"0.00",,
"USW00026451","ANCHORAGE TED STEVENS INTERNATIONAL AIRPORT, AK US","1952-06-17",,,"0.00",,
"USW00026451","ANCHORAGE TED STEVENS INTERNATIONAL AIRPORT, AK US","1952-06-18",,,"0.00",,
"USW00026451","ANCHORAGE TED STEVENS INTERNATIONAL AIRPORT, AK US","1952-06-19",,,"0.00",,
"USW00026451","ANCHORAGE TED STEVENS INTERNATIONAL AIRPORT, AK US","1952-06-20",,,"0.00",,
"USW00026451","ANCHORAGE TED STEVENS INTERNATIONAL AIRPORT, AK US","1952-06-21",,,"0.00",,
"USW00026451","ANCHORAGE TED STEVENS INTERNATIONAL AIRPORT, AK US","1952-06-22",,,"0.00",,
"USW00026451","ANCHORAGE TED STEVENS INTERNATIONAL AIRPORT, AK US","1952-06-23",,,"0.02",,
"USW00026451","ANCHORAGE TED STEVENS INTERNATIONAL AIRPORT, AK US","1952-06-24",,,"0.00",,
"USW00026451","ANCHORAGE TED STEVENS INTERNATIONAL AIRPORT, AK US","1952-06-25",,,"0.00",,
"USW00026451","ANCHORAGE TED STEVENS INTERNATIONAL AIRPORT, AK US","1952-06-26",,,"0.00",,
"USW00026451","ANCHORAGE TED STEVENS INTERNATIONAL AIRPORT, AK US","1952-06-27",,,"0.00",,
"USW00026451","ANCHORAGE TED STEVENS INTERNATIONAL AIRPORT, AK US","1952-06-28",,,"0.00",,
"USW00026451","ANCHORAGE TED STEVENS INTERNATIONAL AIRPORT, AK US","1952-06-29",,,"0.00",,
"USW00026451","ANCHORAGE TED STEVENS INTERNATIONAL AIRPORT, AK US","1952-06-30",,,"0.00",,
"USW00026451","ANCHORAGE TED STEVENS INTERNATIONAL AIRPORT, AK US","1952-07-01",,,"0.02",,
"USW00026451","ANCHORAGE TED STEVENS INTERNATIONAL AIRPORT, AK US","1952-07-02",,,"0.02",,
"USW00026451","ANCHORAGE TED STEVENS INTERNATIONAL AIRPORT, AK US","1952-07-03",,,"0.02",,
"USW00026451","ANCHORAGE TED STEVENS INTERNATIONAL AIRPORT, AK US","1952-07-04",,,"0.00",,
"USW00026451","ANCHORAGE TED STEVENS INTERNATIONAL AIRPORT, AK US","1952-07-05",,,"0.00",,
"USW00026451","ANCHORAGE TED STEVENS INTERNATIONAL AIRPORT, AK US","1952-07-06",,,"0.02",,
"USW00026451","ANCHORAGE TED STEVENS INTERNATIONAL AIRPORT, AK US","1952-07-07",,,"0.06",,
"USW00026451","ANCHORAGE TED STEVENS INTERNATIONAL AIRPORT, AK US","1952-07-08",,,"0.11",,
"USW00026451","ANCHORAGE TED STEVENS INTERNATIONAL AIRPORT, AK US","1952-07-09",,,"0.05",,
"USW00026451","ANCHORAGE TED STEVENS INTERNATIONAL AIRPORT, AK US","1952-07-10",,,"0.35",,
"USW00026451","ANCHORAGE TED STEVENS INTERNATIONAL AIRPORT, AK US","1952-07-11",,,"0.03",,
"USW00026451","ANCHORAGE TED STEVENS INTERNATIONAL AIRPORT, AK US","1952-07-12",,,"0.43",,
"USW00026451","ANCHORAGE TED STEVENS INTERNATIONAL AIRPORT, AK US","1952-07-13",,,"0.00",,
"USW00026451","ANCHORAGE TED STEVENS INTERNATIONAL AIRPORT, AK US","1952-07-14",,,"0.00",,
"USW00026451","ANCHORAGE TED STEVENS INTERNATIONAL AIRPORT, AK US","1952-07-15",,,"0.00",,
"USW00026451","ANCHORAGE TED STEVENS INTERNATIONAL AIRPORT, AK US","1952-07-16",,,"0.02",,
"USW00026451","ANCHORAGE TED STEVENS INTERNATIONAL AIRPORT, AK US","1952-07-17",,,"0.03",,
"USW00026451","ANCHORAGE TED STEVENS INTERNATIONAL AIRPORT, AK US","1952-07-18",,,"0.10",,
"USW00026451","ANCHORAGE TED STEVENS INTERNATIONAL AIRPORT, AK US","1952-07-19",,,"0.00",,
"USW00026451","ANCHORAGE TED STEVENS INTERNATIONAL AIRPORT, AK US","1952-07-20",,,"0.00",,
"USW00026451","ANCHORAGE TED STEVENS INTERNATIONAL AIRPORT, AK US","1952-07-21",,,"0.00",,
"USW00026451","ANCHORAGE TED STEVENS INTERNATIONAL AIRPORT, AK US","1952-07-22",,,"0.00",,
"USW00026451","ANCHORAGE TED STEVENS INTERNATIONAL AIRPORT, AK US","1952-07-23",,,"0.00",,
"USW00026451","ANCHORAGE TED STEVENS INTERNATIONAL AIRPORT, AK US","1952-07-24",,,"0.00",,
"USW00026451","ANCHORAGE TED STEVENS INTERNATIONAL AIRPORT, AK US","1952-07-25",,,"0.00",,
"USW00026451","ANCHORAGE TED STEVENS INTERNATIONAL AIRPORT, AK US","1952-07-26",,,"0.01",,
"USW00026451","ANCHORAGE TED STEVENS INTERNATIONAL AIRPORT, AK US","1952-07-27",,,"0.00",,
"USW00026451","ANCHORAGE TED STEVENS INTERNATIONAL AIRPORT, AK US","1952-07-28",,,"1.03",,
"USW00026451","ANCHORAGE TED STEVENS INTERNATIONAL AIRPORT, AK US","1952-07-29",,,"0.03",,
"USW00026451","ANCHORAGE TED STEVENS INTERNATIONAL AIRPORT, AK US","1952-07-30",,,"0.38",,
"USW00026451","ANCHORAGE TED STEVENS INTERNATIONAL AIRPORT, AK US","1952-07-31",,,"0.01",,
"USW00026451","ANCHORAGE TED STEVENS INTERNATIONAL AIRPORT, AK US","1952-08-01",,,"0.00",,
"USW00026451","ANCHORAGE TED STEVENS INTERNATIONAL AIRPORT, AK US","1952-08-02",,,"0.00",,
"USW00026451","ANCHORAGE TED STEVENS INTERNATIONAL AIRPORT, AK US","1952-08-03",,,"0.00",,
"USW00026451","ANCHORAGE TED STEVENS INTERNATIONAL AIRPORT, AK US","1952-08-04",,,"0.00",,
"USW00026451","ANCHORAGE TED STEVENS INTERNATIONAL AIRPORT, AK US","1952-08-05",,,"0.01",,
"USW00026451","ANCHORAGE TED STEVENS INTERNATIONAL AIRPORT, AK US","1952-08-06",,,"0.12",,
"USW00026451","ANCHORAGE TED STEVENS INTERNATIONAL AIRPORT, AK US","1952-08-07",,,"0.84",,
"USW00026451","ANCHORAGE TED STEVENS INTERNATIONAL AIRPORT, AK US","1952-08-08",,,"0.10",,
"USW00026451","ANCHORAGE TED STEVENS INTERNATIONAL AIRPORT, AK US","1952-08-09",,,"0.00",,
"USW00026451","ANCHORAGE TED STEVENS INTERNATIONAL AIRPORT, AK US","1952-08-10",,,"0.00",,
"USW00026451","ANCHORAGE TED STEVENS INTERNATIONAL AIRPORT, AK US","1952-08-11",,,"0.00",,
"USW00026451","ANCHORAGE TED STEVENS INTERNATIONAL AIRPORT, AK US","1952-08-12",,,"0.00",,
"USW00026451","ANCHORAGE TED STEVENS INTERNATIONAL AIRPORT, AK US","1952-08-13",,,"0.00",,
"USW00026451","ANCHORAGE TED STEVENS INTERNATIONAL AIRPORT, AK US","1952-08-14",,,"0.00",,
"USW00026451","ANCHORAGE TED STEVENS INTERNATIONAL AIRPORT, AK US","1952-08-15",,,"0.00",,
"USW00026451","ANCHORAGE TED STEVENS INTERNATIONAL AIRPORT, AK US","1952-08-16",,,"0.00",,
"USW00026451","ANCHORAGE TED STEVENS INTERNATIONAL AIRPORT, AK US","1952-08-17",,,"0.00",,
"USW00026451","ANCHORAGE TED STEVENS INTERNATIONAL AIRPORT, AK US","1952-08-18",,,"0.00",,
"USW00026451","ANCHORAGE TED STEVENS INTERNATIONAL AIRPORT, AK US","1952-08-19",,,"0.00",,
"USW00026451","ANCHORAGE TED STEVENS INTERNATIONAL AIRPORT, AK US","1952-08-20",,,"0.20",,
"USW00026451","ANCHORAGE TED STEVENS INTERNATIONAL AIRPORT, AK US","1952-08-21",,,"0.00",,
"USW00026451","ANCHORAGE TED STEVENS INTERNATIONAL AIRPORT, AK US","1952-08-22",,,"0.00",,
"USW00026451","ANCHORAGE TED STEVENS INTERNATIONAL AIRPORT, AK US","1952-08-23",,,"0.00",,
"USW00026451","ANCHORAGE TED STEVENS INTERNATIONAL AIRPORT, AK US","1952-08-24",,,"0.18",,
"USW00026451","ANCHORAGE TED STEVENS INTERNATIONAL AIRPORT, AK US","1952-08-25",,,"0.14",,
"USW00026451","ANCHORAGE TED STEVENS INTERNATIONAL AIRPORT, AK US","1952-08-26",,,"0.60",,
"USW00026451","ANCHORAGE TED STEVENS INTERNATIONAL AIRPORT, AK US","1952-08-27",,,"0.00",,
"USW00026451","ANCHORAGE TED STEVENS INTERNATIONAL AIRPORT, AK US","1952-08-28",,,"0.00",,
"USW00026451","ANCHORAGE TED STEVENS INTERNATIONAL AIRPORT, AK US","1952-08-29",,,"0.63",,
"USW00026451","ANCHORAGE TED STEVENS INTERNATIONAL AIRPORT, AK US","1952-08-30",,,"0.10",,
"USW00026451","ANCHORAGE TED STEVENS INTERNATIONAL AIRPORT, AK US","1952-08-31",,,"0.94",,
"USW00026451","ANCHORAGE TED STEVENS INTERNATIONAL AIRPORT, AK US","1952-09-01",,,"0.13",,
"USW00026451","ANCHORAGE TED STEVENS INTERNATIONAL AIRPORT, AK US","1952-09-02",,,"0.00",,
"USW00026451","ANCHORAGE TED STEVENS INTERNATIONAL AIRPORT, AK US","1952-09-03",,,"0.00",,
"USW00026451","ANCHORAGE TED STEVENS INTERNATIONAL AIRPORT, AK US","1952-09-04",,,"0.00",,
"USW00026451","ANCHORAGE TED STEVENS INTERNATIONAL AIRPORT, AK US","1952-09-05",,,"0.00",,
"USW00026451","ANCHORAGE TED STEVENS INTERNATIONAL AIRPORT, AK US","1952-09-06",,,"0.00",,
"USW00026451","ANCHORAGE TED STEVENS INTERNATIONAL AIRPORT, AK US","1952-09-07",,,"0.00",,
"USW00026451","ANCHORAGE TED STEVENS INTERNATIONAL AIRPORT, AK US","1952-09-08",,,"0.50",,
"USW00026451","ANCHORAGE TED STEVENS INTERNATIONAL AIRPORT, AK US","1952-09-09",,,"0.51",,
"USW00026451","ANCHORAGE TED STEVENS INTERNATIONAL AIRPORT, AK US","1952-09-10",,,"0.15",,
"USW00026451","ANCHORAGE TED STEVENS INTERNATIONAL AIRPORT, AK US","1952-09-11",,,"0.00",,
"USW00026451","ANCHORAGE TED STEVENS INTERNATIONAL AIRPORT, AK US","1952-09-12",,,"0.00",,
"USW00026451","ANCHORAGE TED STEVENS INTERNATIONAL AIRPORT, AK US","1952-09-13",,,"0.12",,
"USW00026451","ANCHORAGE TED STEVENS INTERNATIONAL AIRPORT, AK US","1952-09-14",,,"0.00",,
"USW00026451","ANCHORAGE TED STEVENS INTERNATIONAL AIRPORT, AK US","1952-09-15",,,"0.05",,
"USW00026451","ANCHORAGE TED STEVENS INTERNATIONAL AIRPORT, AK US","1952-09-16",,,"0.00",,
"USW00026451","ANCHORAGE TED STEVENS INTERNATIONAL AIRPORT, AK US","1952-09-17",,,"0.06",,
"USW00026451","ANCHORAGE TED STEVENS INTERNATIONAL AIRPORT, AK US","1952-09-18",,,"0.04",,
"USW00026451","ANCHORAGE TED STEVENS INTERNATIONAL AIRPORT, AK US","1952-09-19",,,"0.00",,
"USW00026451","ANCHORAGE TED STEVENS INTERNATIONAL AIRPORT, AK US","1952-09-20",,,"0.65",,
"USW00026451","ANCHORAGE TED STEVENS INTERNATIONAL AIRPORT, AK US","1952-09-21",,,"0.45",,
"USW00026451","ANCHORAGE TED STEVENS INTERNATIONAL AIRPORT, AK US","1952-09-22",,,"0.00",,
"USW00026451","ANCHORAGE TED STEVENS INTERNATIONAL AIRPORT, AK US","1952-09-23",,,"0.00",,
"USW00026451","ANCHORAGE TED STEVENS INTERNATIONAL AIRPORT, AK US","1952-09-24",,,"0.00",,
"USW00026451","ANCHORAGE TED STEVENS INTERNATIONAL AIRPORT, AK US","1952-09-25",,,"0.00",,
"USW00026451","ANCHORAGE TED STEVENS INTERNATIONAL AIRPORT, AK US","1952-09-26",,,"0.00",,
"USW00026451","ANCHORAGE TED STEVENS INTERNATIONAL AIRPORT, AK US","1952-09-27",,,"0.00",,
"USW00026451","ANCHORAGE TED STEVENS INTERNATIONAL AIRPORT, AK US","1952-09-28",,,"0.00",,
"USW00026451","ANCHORAGE TED STEVENS INTERNATIONAL AIRPORT, AK US","1952-09-29",,,"0.00",,
"USW00026451","ANCHORAGE TED STEVENS INTERNATIONAL AIRPORT, AK US","1952-09-30",,,"0.00",,
"USW00026451","ANCHORAGE TED STEVENS INTERNATIONAL AIRPORT, AK US","1952-10-01",,,"0.00",,
"USW00026451","ANCHORAGE TED STEVENS INTERNATIONAL AIRPORT, AK US","1952-10-02",,,"0.00",,
"USW00026451","ANCHORAGE TED STEVENS INTERNATIONAL AIRPORT, AK US","1952-10-03",,,"0.00",,
"USW00026451","ANCHORAGE TED STEVENS INTERNATIONAL AIRPORT, AK US","1952-10-04",,,"0.04",,
"USW00026451","ANCHORAGE TED STEVENS INTERNATIONAL AIRPORT, AK US","1952-10-05",,,"0.06",,
"USW00026451","ANCHORAGE TED STEVENS INTERNATIONAL AIRPORT, AK US","1952-10-06",,,"0.12",,
"USW00026451","ANCHORAGE TED STEVENS INTERNATIONAL AIRPORT, AK US","1952-10-07",,,"0.10",,
"USW00026451","ANCHORAGE TED STEVENS INTERNATIONAL AIRPORT, AK US","1952-10-08",,,"0.08",,
"USW00026451","ANCHORAGE TED STEVENS INTERNATIONAL AIRPORT, AK US","1952-10-09",,,"0.00",,
"USW00026451","ANCHORAGE TED STEVENS INTERNATIONAL AIRPORT, AK US","1952-10-10",,,,,
"USW00026451","ANCHORAGE TED STEVENS INTERNATIONAL AIRPORT, AK US","1952-10-11","    2","0.22",,,
"USW00026451","ANCHORAGE TED STEVENS INTERNATIONAL AIRPORT, AK US","1952-10-12",,,"0.26",,
"USW00026451","ANCHORAGE TED STEVENS INTERNATIONAL AIRPORT, AK US","1952-10-13",,,"0.00",,
"USW00026451","ANCHORAGE TED STEVENS INTERNATIONAL AIRPORT, AK US","1952-10-14",,,"0.00",,
"USW00026451","ANCHORAGE TED STEVENS INTERNATIONAL AIRPORT, AK US","1952-10-15",,,"0.15",,
"USW00026451","ANCHORAGE TED STEVENS INTERNATIONAL AIRPORT, AK US","1952-10-16",,,"0.00",,
"USW00026451","ANCHORAGE TED STEVENS INTERNATIONAL AIRPORT, AK US","1952-10-17",,,"0.00",,
"USW00026451","ANCHORAGE TED STEVENS INTERNATIONAL AIRPORT, AK US","1952-10-18",,,"0.00",,
"USW00026451","ANCHORAGE TED STEVENS INTERNATIONAL AIRPORT, AK US","1952-10-19",,,"0.06",,
"USW00026451","ANCHORAGE TED STEVENS INTERNATIONAL AIRPORT, AK US","1952-10-20",,,"0.11",,
"USW00026451","ANCHORAGE TED STEVENS INTERNATIONAL AIRPORT, AK US","1952-10-21",,,"0.22",,
"USW00026451","ANCHORAGE TED STEVENS INTERNATIONAL AIRPORT, AK US","1952-10-22",,,"0.12",,
"USW00026451","ANCHORAGE TED STEVENS INTERNATIONAL AIRPORT, AK US","1952-10-23",,,"0.00",,
"USW00026451","ANCHORAGE TED STEVENS INTERNATIONAL AIRPORT, AK US","1952-10-24",,,"0.00",,
"USW00026451","ANCHORAGE TED STEVENS INTERNATIONAL AIRPORT, AK US","1952-10-25",,,"0.54",,
"USW00026451","ANCHORAGE TED STEVENS INTERNATIONAL AIRPORT, AK US","1952-10-26",,,"1.68",,
"USW00026451","ANCHORAGE TED STEVENS INTERNATIONAL AIRPORT, AK US","1952-10-27",,,"0.00",,
"USW00026451","ANCHORAGE TED STEVENS INTERNATIONAL AIRPORT, AK US","1952-11-03",,,"0.00",,
"USW00026451","ANCHORAGE TED STEVENS INTERNATIONAL AIRPORT, AK US","1952-11-04",,,"0.00",,
"USW00026451","ANCHORAGE TED STEVENS INTERNATIONAL AIRPORT, AK US","1952-11-05",,,"0.19",,
"USW00026451","ANCHORAGE TED STEVENS INTERNATIONAL AIRPORT, AK US","1952-11-06",,,"0.15",,
"USW00026451","ANCHORAGE TED STEVENS INTERNATIONAL AIRPORT, AK US","1952-11-07",,,"0.00",,
"USW00026451","ANCHORAGE TED STEVENS INTERNATIONAL AIRPORT, AK US","1952-11-08",,,"0.00",,
"USW00026451","ANCHORAGE TED STEVENS INTERNATIONAL AIRPORT, AK US","1952-11-09",,,"0.75",,
"USW00026451","ANCHORAGE TED STEVENS INTERNATIONAL AIRPORT, AK US","1952-11-10",,,"0.00",,
"USW00026451","ANCHORAGE TED STEVENS INTERNATIONAL AIRPORT, AK US","1952-11-11",,,"0.02",,
"USW00026451","ANCHORAGE TED STEVENS INTERNATIONAL AIRPORT, AK US","1952-11-12",,,"0.00",,
"USW00026451","ANCHORAGE TED STEVENS INTERNATIONAL AIRPORT, AK US","1952-11-13",,,"0.00",,
"USW00026451","ANCHORAGE TED STEVENS INTERNATIONAL AIRPORT, AK US","1952-11-14",,,"0.00",,
"USW00026451","ANCHORAGE TED STEVENS INTERNATIONAL AIRPORT, AK US","1952-11-15",,,"0.01",,
"USW00026451","ANCHORAGE TED STEVENS INTERNATIONAL AIRPORT, AK US","1952-11-16",,,"0.00",,
"USW00026451","ANCHORAGE TED STEVENS INTERNATIONAL AIRPORT, AK US","1952-11-17",,,"0.02",,
"USW00026451","ANCHORAGE TED STEVENS INTERNATIONAL AIRPORT, AK US","1952-11-18",,,"0.01",,
"USW00026451","ANCHORAGE TED STEVENS INTERNATIONAL AIRPORT, AK US","1952-11-19",,,"0.03",,
"USW00026451","ANCHORAGE TED STEVENS INTERNATIONAL AIRPORT, AK US","1952-11-20",,,"0.01",,
"USW00026451","ANCHORAGE TED STEVENS INTERNATIONAL AIRPORT, AK US","1952-11-21",,,"0.00",,
"USW00026451","ANCHORAGE TED STEVENS INTERNATIONAL AIRPORT, AK US","1952-11-22",,,"0.00",,
"USW00026451","ANCHORAGE TED STEVENS INTERNATIONAL AIRPORT, AK US","1952-11-23",,,"0.00",,
"USW00026451","ANCHORAGE TED STEVENS INTERNATIONAL AIRPORT, AK US","1952-11-24",,,"0.06",,
"USW00026451","ANCHORAGE TED STEVENS INTERNATIONAL AIRPORT, AK US","1952-11-25",,,"0.00",,
"USW00026451","ANCHORAGE TED STEVENS INTERNATIONAL AIRPORT, AK US","1952-11-26",,,"0.00",,
"USW00026451","ANCHORAGE TED STEVENS INTERNATIONAL AIRPORT, AK US","1952-11-27",,,"0.00",,
"USW00026451","ANCHORAGE TED STEVENS INTERNATIONAL AIRPORT, AK US","1952-11-28",,,"0.00",,
"USW00026451","ANCHORAGE TED STEVENS INTERNATIONAL AIRPORT, AK US","1952-11-29",,,"0.00",,
"USW00026451","ANCHORAGE TED STEVENS INTERNATIONAL AIRPORT, AK US","1952-11-30",,,"0.00",,
"USW00026451","ANCHORAGE TED STEVENS INTERNATIONAL AIRPORT, AK US","1953-02-01",,,"0.00","0.0",
"USW00026451","ANCHORAGE TED STEVENS INTERNATIONAL AIRPORT, AK US","1953-02-02",,,"0.02","0.3",
"USW00026451","ANCHORAGE TED STEVENS INTERNATIONAL AIRPORT, AK US","1953-02-03",,,"0.19",,
"USW00026451","ANCHORAGE TED STEVENS INTERNATIONAL AIRPORT, AK US","1953-02-04",,,"0.00","0.0",
"USW00026451","ANCHORAGE TED STEVENS INTERNATIONAL AIRPORT, AK US","1953-02-05",,,"0.00","0.0",
"USW00026451","ANCHORAGE TED STEVENS INTERNATIONAL AIRPORT, AK US","1953-02-06",,,"0.00","0.0",
"USW00026451","ANCHORAGE TED STEVENS INTERNATIONAL AIRPORT, AK US","1953-02-07",,,"0.00","0.0",
"USW00026451","ANCHORAGE TED STEVENS INTERNATIONAL AIRPORT, AK US","1953-02-08",,,"0.04",,
"USW00026451","ANCHORAGE TED STEVENS INTERNATIONAL AIRPORT, AK US","1953-02-09",,,"0.14",,
"USW00026451","ANCHORAGE TED STEVENS INTERNATIONAL AIRPORT, AK US","1953-02-10",,,"0.00",,
"USW00026451","ANCHORAGE TED STEVENS INTERNATIONAL AIRPORT, AK US","1953-02-11",,,"0.00","0.0",
"USW00026451","ANCHORAGE TED STEVENS INTERNATIONAL AIRPORT, AK US","1953-02-12",,,"0.00","0.0",
"USW00026451","ANCHORAGE TED STEVENS INTERNATIONAL AIRPORT, AK US","1953-02-13",,,"0.00","0.0",
"USW00026451","ANCHORAGE TED STEVENS INTERNATIONAL AIRPORT, AK US","1953-02-14",,,"0.00","0.0",
"USW00026451","ANCHORAGE TED STEVENS INTERNATIONAL AIRPORT, AK US","1953-02-15",,,"0.00","0.0",
"USW00026451","ANCHORAGE TED STEVENS INTERNATIONAL AIRPORT, AK US","1953-02-16",,,"0.00","0.0",
"USW00026451","ANCHORAGE TED STEVENS INTERNATIONAL AIRPORT, AK US","1953-02-17",,,"0.00","0.0",
"USW00026451","ANCHORAGE TED STEVENS INTERNATIONAL AIRPORT, AK US","1953-02-18",,,"0.00","0.0",
"USW00026451","ANCHORAGE TED STEVENS INTERNATIONAL AIRPORT, AK US","1953-02-19",,,"0.10","1.0",
"USW00026451","ANCHORAGE TED STEVENS INTERNATIONAL AIRPORT, AK US","1953-02-20",,,"0.06","0.0",
"USW00026451","ANCHORAGE TED STEVENS INTERNATIONAL AIRPORT, AK US","1953-02-21",,,"0.04","0.3",
"USW00026451","ANCHORAGE TED STEVENS INTERNATIONAL AIRPORT, AK US","1953-02-22",,,"0.03","0.2",
"USW00026451","ANCHORAGE TED STEVENS INTERNATIONAL AIRPORT, AK US","1953-02-23",,,"0.00","0.0","2.0"
"USW00026451","ANCHORAGE TED STEVENS INTERNATIONAL AIRPORT, AK US","1953-02-24",,,"0.00","0.0","2.0"
"USW00026451","ANCHORAGE TED STEVENS INTERNATIONAL AIRPORT, AK US","1953-02-25",,,"0.04","0.5","2.0"
"USW00026451","ANCHORAGE TED STEVENS INTERNATIONAL AIRPORT, AK US","1953-02-26",,,"0.01","0.0","1.0"
"USW00026451","ANCHORAGE TED STEVENS INTERNATIONAL AIRPORT, AK US","1953-02-27",,,"0.01","0.0","1.0"
"USW00026451","ANCHORAGE TED STEVENS INTERNATIONAL AIRPORT, AK US","1953-02-28",,,"0.00","0.0","1.0"
"USW00026451","ANCHORAGE TED STEVENS INTERNATIONAL AIRPORT, AK US","1953-03-01",,,"0.00","0.0","1.0"
"USW00026451","ANCHORAGE TED STEVENS INTERNATIONAL AIRPORT, AK US","1953-03-02",,,"0.00","0.0","1.0"
"USW00026451","ANCHORAGE TED STEVENS INTERNATIONAL AIRPORT, AK US","1953-03-03",,,"0.00","0.0","1.0"
"USW00026451","ANCHORAGE TED STEVENS INTERNATIONAL AIRPORT, AK US","1953-03-04",,,"0.00","0.0","1.0"
"USW00026451","ANCHORAGE TED STEVENS INTERNATIONAL AIRPORT, AK US","1953-03-05",,,"0.04","0.4","1.0"
"USW00026451","ANCHORAGE TED STEVENS INTERNATIONAL AIRPORT, AK US","1953-03-06",,,"0.15","1.6","3.0"
"USW00026451","ANCHORAGE TED STEVENS INTERNATIONAL AIRPORT, AK US","1953-03-07",,,"0.00","0.0","2.0"
"USW00026451","ANCHORAGE TED STEVENS INTERNATIONAL AIRPORT, AK US","1953-03-08",,,"0.00","0.0","2.0"
"USW00026451","ANCHORAGE TED STEVENS INTERNATIONAL AIRPORT, AK US","1953-03-09",,,"0.00","0.0","2.0"
"USW00026451","ANCHORAGE TED STEVENS INTERNATIONAL AIRPORT, AK US","1953-03-10",,,"0.00","0.0","2.0"
"USW00026451","ANCHORAGE TED STEVENS INTERNATIONAL AIRPORT, AK US","1953-03-11",,,"0.00","0.0","2.0"
"USW00026451","ANCHORAGE TED STEVENS INTERNATIONAL AIRPORT, AK US","1953-03-12",,,"0.00","0.0","2.0"
"USW00026451","ANCHORAGE TED STEVENS INTERNATIONAL AIRPORT, AK US","1953-03-13",,,"0.00","0.0","2.0"
"USW00026451","ANCHORAGE TED STEVENS INTERNATIONAL AIRPORT, AK US","1953-03-14",,,"0.00","0.0","2.0"
"USW00026451","ANCHORAGE TED STEVENS INTERNATIONAL AIRPORT, AK US","1953-03-15",,,"0.00","0.0","2.0"
"USW00026451","ANCHORAGE TED STEVENS INTERNATIONAL AIRPORT, AK US","1953-03-16",,,"0.00","0.0","2.0"
"USW00026451","ANCHORAGE TED STEVENS INTERNATIONAL AIRPORT, AK US","1953-03-17",,,"0.03","0.2","2.0"
"USW00026451","ANCHORAGE TED STEVENS INTERNATIONAL AIRPORT, AK US","1953-03-18",,,"0.00","0.0","2.0"
"USW00026451","ANCHORAGE TED STEVENS INTERNATIONAL AIRPORT, AK US","1953-03-19",,,"0.00","0.0","2.0"
"USW00026451","ANCHORAGE TED STEVENS INTERNATIONAL AIRPORT, AK US","1953-03-20",,,"0.00","0.0","1.0"
"USW00026451","ANCHORAGE TED STEVENS INTERNATIONAL AIRPORT, AK US","1953-03-21",,,"0.00","0.0","1.0"
"USW00026451","ANCHORAGE TED STEVENS INTERNATIONAL AIRPORT, AK US","1953-03-22",,,"0.00","0.0","1.0"
"USW00026451","ANCHORAGE TED STEVENS INTERNATIONAL AIRPORT, AK US","1953-03-23",,,"0.00","0.0","1.0"
"USW00026451","ANCHORAGE TED STEVENS INTERNATIONAL AIRPORT, AK US","1953-03-24",,,"0.00","0.0","1.0"
"USW00026451","ANCHORAGE TED STEVENS INTERNATIONAL AIRPORT, AK US","1953-03-25",,,"0.00","0.0","1.0"
"USW00026451","ANCHORAGE TED STEVENS INTERNATIONAL AIRPORT, AK US","1953-03-26",,,"0.08","0.7","2.0"
"USW00026451","ANCHORAGE TED STEVENS INTERNATIONAL AIRPORT, AK US","1953-03-27",,,"0.02","0.2","2.0"
"USW00026451","ANCHORAGE TED STEVENS INTERNATIONAL AIRPORT, AK US","1953-03-28",,,"0.03","0.3","2.0"
"USW00026451","ANCHORAGE TED STEVENS INTERNATIONAL AIRPORT, AK US","1953-03-29",,,"0.00","0.0","1.0"
"USW00026451","ANCHORAGE TED STEVENS INTERNATIONAL AIRPORT, AK US","1953-03-30",,,"0.01","0.0","1.0"
"USW00026451","ANCHORAGE TED STEVENS INTERNATIONAL AIRPORT, AK US","1953-03-31",,,"0.00","0.0","1.0"
"USW00026451","ANCHORAGE TED STEVENS INTERNATIONAL AIRPORT, AK US","1953-04-01",,,"0.00","0.0","1.0"
"USW00026451","ANCHORAGE TED STEVENS INTERNATIONAL AIRPORT, AK US","1953-04-02",,,"0.00","0.0","1.0"
"USW00026451","ANCHORAGE TED STEVENS INTERNATIONAL AIRPORT, AK US","1953-04-03",,,"0.00","0.0","1.0"
"USW00026451","ANCHORAGE TED STEVENS INTERNATIONAL AIRPORT, AK US","1953-04-04",,,"0.00","0.0","0.0"
"USW00026451","ANCHORAGE TED STEVENS INTERNATIONAL AIRPORT, AK US","1953-04-05",,,"0.04","0.3","0.0"
"USW00026451","ANCHORAGE TED STEVENS INTERNATIONAL AIRPORT, AK US","1953-04-06",,,"0.00","0.0","0.0"
"USW00026451","ANCHORAGE TED STEVENS INTERNATIONAL AIRPORT, AK US","1953-04-07",,,"0.00","0.0","0.0"
"USW00026451","ANCHORAGE TED STEVENS INTERNATIONAL AIRPORT, AK US","1953-04-08",,,"0.00","0.0","0.0"
"USW00026451","ANCHORAGE TED STEVENS INTERNATIONAL AIRPORT, AK US","1953-04-09",,,"0.00","0.0","0.0"
"USW00026451","ANCHORAGE TED STEVENS INTERNATIONAL AIRPORT, AK US","1953-04-10",,,"0.00","0.0","0.0"
"USW00026451","ANCHORAGE TED STEVENS INTERNATIONAL AIRPORT, AK US","1953-04-11",,,"0.00","0.0","0.0"
"USW00026451","ANCHORAGE TED STEVENS INTERNATIONAL AIRPORT, AK US","1953-04-12",,,"0.00","0.0","0.0"
"USW00026451","ANCHORAGE TED STEVENS INTERNATIONAL AIRPORT, AK US","1953-04-13",,,"0.00","0.0","0.0"
"USW00026451","ANCHORAGE TED STEVENS INTERNATIONAL AIRPORT, AK US","1953-04-14",,,"0.00","0.0","0.0"
"USW00026451","ANCHORAGE TED STEVENS INTERNATIONAL AIRPORT, AK US","1953-04-15",,,"0.00","0.0","0.0"
"USW00026451","ANCHORAGE TED STEVENS INTERNATIONAL AIRPORT, AK US","1953-04-16",,,"0.04","0.0","0.0"
"USW00026451","ANCHORAGE TED STEVENS INTERNATIONAL AIRPORT, AK US","1953-04-17",,,"0.00","0.0","0.0"
"USW00026451","ANCHORAGE TED STEVENS INTERNATIONAL AIRPORT, AK US","1953-04-18",,,"0.00","0.0","0.0"
"USW00026451","ANCHORAGE TED STEVENS INTERNATIONAL AIRPORT, AK US","1953-04-19",,,"0.00","0.0","0.0"
"USW00026451","ANCHORAGE TED STEVENS INTERNATIONAL AIRPORT, AK US","1953-04-20",,,"0.00","0.0","0.0"
"USW00026451","ANCHORAGE TED STEVENS INTERNATIONAL AIRPORT, AK US","1953-04-21",,,"0.00","0.0","0.0"
"USW00026451","ANCHORAGE TED STEVENS INTERNATIONAL AIRPORT, AK US","1953-04-22",,,"0.00","0.0","0.0"
"USW00026451","ANCHORAGE TED STEVENS INTERNATIONAL AIRPORT, AK US","1953-04-23",,,"0.00","0.0","0.0"
"USW00026451","ANCHORAGE TED STEVENS INTERNATIONAL AIRPORT, AK US","1953-04-24",,,"0.00","0.0","0.0"
"USW00026451","ANCHORAGE TED STEVENS INTERNATIONAL AIRPORT, AK US","1953-04-25",,,"0.00","0.0","0.0"
"USW00026451","ANCHORAGE TED STEVENS INTERNATIONAL AIRPORT, AK US","1953-04-26",,,"0.00","0.0","0.0"
"USW00026451","ANCHORAGE TED STEVENS INTERNATIONAL AIRPORT, AK US","1953-04-27",,,"0.00","0.0","0.0"
"USW00026451","ANCHORAGE TED STEVENS INTERNATIONAL AIRPORT, AK US","1953-04-28",,,"0.00","0.0","0.0"
"USW00026451","ANCHORAGE TED STEVENS INTERNATIONAL AIRPORT, AK US","1953-04-29",,,"0.00","0.0","0.0"
"USW00026451","ANCHORAGE TED STEVENS INTERNATIONAL AIRPORT, AK US","1953-04-30",,,"0.00","0.0","0.0"
"USW00026451","ANCHORAGE TED STEVENS INTERNATIONAL AIRPORT, AK US","1953-05-01",,,"0.00","0.0","0.0"
"USW00026451","ANCHORAGE TED STEVENS INTERNATIONAL AIRPORT, AK US","1953-05-02",,,"0.00","0.0","0.0"
"USW00026451","ANCHORAGE TED STEVENS INTERNATIONAL AIRPORT, AK US","1953-05-03",,,"0.00","0.0","0.0"
"USW00026451","ANCHORAGE TED STEVENS INTERNATIONAL AIRPORT, AK US","1953-05-04",,,"0.00","0.0","0.0"
"USW00026451","ANCHORAGE TED STEVENS INTERNATIONAL AIRPORT, AK US","1953-05-05",,,"0.00","0.0","0.0"
"USW00026451","ANCHORAGE TED STEVENS INTERNATIONAL AIRPORT, AK US","1953-05-06",,,"0.00","0.0","0.0"
"USW00026451","ANCHORAGE TED STEVENS INTERNATIONAL AIRPORT, AK US","1953-05-07",,,"0.00","0.0","0.0"
"USW00026451","ANCHORAGE TED STEVENS INTERNATIONAL AIRPORT, AK US","1953-05-08",,,"0.00","0.0","0.0"
"USW00026451","ANCHORAGE TED STEVENS INTERNATIONAL AIRPORT, AK US","1953-05-09",,,"0.00","0.0","0.0"
"USW00026451","ANCHORAGE TED STEVENS INTERNATIONAL AIRPORT, AK US","1953-05-10",,,"0.00","0.0","0.0"
"USW00026451","ANCHORAGE TED STEVENS INTERNATIONAL AIRPORT, AK US","1953-05-11",,,"0.00","0.0","0.0"
"USW00026451","ANCHORAGE TED STEVENS INTERNATIONAL AIRPORT, AK US","1953-05-12",,,"0.00","0.0","0.0"
"USW00026451","ANCHORAGE TED STEVENS INTERNATIONAL AIRPORT, AK US","1953-05-13",,,"0.03","0.0","0.0"
"USW00026451","ANCHORAGE TED STEVENS INTERNATIONAL AIRPORT, AK US","1953-05-14",,,"0.00","0.0","0.0"
"USW00026451","ANCHORAGE TED STEVENS INTERNATIONAL AIRPORT, AK US","1953-05-15",,,"0.00","0.0","0.0"
"USW00026451","ANCHORAGE TED STEVENS INTERNATIONAL AIRPORT, AK US","1953-05-16",,,"0.00","0.0","0.0"
"USW00026451","ANCHORAGE TED STEVENS INTERNATIONAL AIRPORT, AK US","1953-05-17",,,"0.00","0.0","0.0"
"USW00026451","ANCHORAGE TED STEVENS INTERNATIONAL AIRPORT, AK US","1953-05-18",,,"0.00","0.0","0.0"
"USW00026451","ANCHORAGE TED STEVENS INTERNATIONAL AIRPORT, AK US","1953-05-19",,,"0.00","0.0","0.0"
"USW00026451","ANCHORAGE TED STEVENS INTERNATIONAL AIRPORT, AK US","1953-05-20",,,"0.00","0.0","0.0"
"USW00026451","ANCHORAGE TED STEVENS INTERNATIONAL AIRPORT, AK US","1953-05-21",,,"0.00","0.0","0.0"
"USW00026451","ANCHORAGE TED STEVENS INTERNATIONAL AIRPORT, AK US","1953-05-22",,,"0.00","0.0","0.0"
"USW00026451","ANCHORAGE TED STEVENS INTERNATIONAL AIRPORT, AK US","1953-05-23",,,"0.00","0.0","0.0"
"USW00026451","ANCHORAGE TED STEVENS INTERNATIONAL AIRPORT, AK US","1953-05-24",,,"0.00","0.0","0.0"
"USW00026451","ANCHORAGE TED STEVENS INTERNATIONAL AIRPORT, AK US","1953-05-25",,,"0.00","0.0","0.0"
"USW00026451","ANCHORAGE TED STEVENS INTERNATIONAL AIRPORT, AK US","1953-05-26",,,"0.00","0.0","0.0"
"USW00026451","ANCHORAGE TED STEVENS INTERNATIONAL AIRPORT, AK US","1953-05-27",,,"0.13","0.0","0.0"
"USW00026451","ANCHORAGE TED STEVENS INTERNATIONAL AIRPORT, AK US","1953-05-28",,,"0.20","0.0","0.0"
"USW00026451","ANCHORAGE TED STEVENS INTERNATIONAL AIRPORT, AK US","1953-05-29",,,"0.00","0.0","0.0"
"USW00026451","ANCHORAGE TED STEVENS INTERNATIONAL AIRPORT, AK US","1953-05-30",,,"0.00","0.0","0.0"
"USW00026451","ANCHORAGE TED STEVENS INTERNATIONAL AIRPORT, AK US","1953-05-31",,,"0.53","0.0","0.0"
"USW00026451","ANCHORAGE TED STEVENS INTERNATIONAL AIRPORT, AK US","1953-06-01",,,"0.00","0.0","0.0"
"USW00026451","ANCHORAGE TED STEVENS INTERNATIONAL AIRPORT, AK US","1953-06-02",,,"0.00","0.0","0.0"
"USW00026451","ANCHORAGE TED STEVENS INTERNATIONAL AIRPORT, AK US","1953-06-03",,,"0.00","0.0","0.0"
"USW00026451","ANCHORAGE TED STEVENS INTERNATIONAL AIRPORT, AK US","1953-06-04",,,"0.00","0.0","0.0"
"USW00026451","ANCHORAGE TED STEVENS INTERNATIONAL AIRPORT, AK US","1953-06-05",,,"0.00","0.0","0.0"
"USW00026451","ANCHORAGE TED STEVENS INTERNATIONAL AIRPORT, AK US","1953-06-06",,,"0.00","0.0","0.0"
"USW00026451","ANCHORAGE TED STEVENS INTERNATIONAL AIRPORT, AK US","1953-06-07",,,"0.00","0.0","0.0"
"USW00026451","ANCHORAGE TED STEVENS INTERNATIONAL AIRPORT, AK US","1953-06-08",,,"0.00","0.0","0.0"
"USW00026451","ANCHORAGE TED STEVENS INTERNATIONAL AIRPORT, AK US","1953-06-09",,,"0.00","0.0","0.0"
"USW00026451","ANCHORAGE TED STEVENS INTERNATIONAL AIRPORT, AK US","1953-06-10",,,"0.05","0.0","0.0"
"USW00026451","ANCHORAGE TED STEVENS INTERNATIONAL AIRPORT, AK US","1953-06-11",,,"0.07","0.0","0.0"
"USW00026451","ANCHORAGE TED STEVENS INTERNATIONAL AIRPORT, AK US","1953-06-12",,,"0.00","0.0","0.0"
"USW00026451","ANCHORAGE TED STEVENS INTERNATIONAL AIRPORT, AK US","1953-06-13",,,"0.00","0.0","0.0"
"USW00026451","ANCHORAGE TED STEVENS INTERNATIONAL AIRPORT, AK US","1953-06-14",,,"0.00","0.0","0.0"
"USW00026451","ANCHORAGE TED STEVENS INTERNATIONAL AIRPORT, AK US","1953-06-15",,,"0.00","0.0","0.0"
"USW00026451","ANCHORAGE TED STEVENS INTERNATIONAL AIRPORT, AK US","1953-06-16",,,"0.00","0.0","0.0"
"USW00026451","ANCHORAGE TED STEVENS INTERNATIONAL AIRPORT, AK US","1953-06-17",,,"0.00","0.0","0.0"
"USW00026451","ANCHORAGE TED STEVENS INTERNATIONAL AIRPORT, AK US","1953-06-18",,,"0.00","0.0","0.0"
"USW00026451","ANCHORAGE TED STEVENS INTERNATIONAL AIRPORT, AK US","1953-06-19",,,"0.00","0.0","0.0"
"USW00026451","ANCHORAGE TED STEVENS INTERNATIONAL AIRPORT, AK US","1953-06-20",,,"0.00","0.0","0.0"
"USW00026451","ANCHORAGE TED STEVENS INTERNATIONAL AIRPORT, AK US","1953-06-21",,,"0.00","0.0","0.0"
"USW00026451","ANCHORAGE TED STEVENS INTERNATIONAL AIRPORT, AK US","1953-06-22",,,"0.00","0.0","0.0"
"USW00026451","ANCHORAGE TED STEVENS INTERNATIONAL AIRPORT, AK US","1953-06-23",,,"0.00","0.0","0.0"
"USW00026451","ANCHORAGE TED STEVENS INTERNATIONAL AIRPORT, AK US","1953-06-24",,,"0.00","0.0","0.0"
"USW00026451","ANCHORAGE TED STEVENS INTERNATIONAL AIRPORT, AK US","1953-06-25",,,"0.00","0.0","0.0"
"USW00026451","ANCHORAGE TED STEVENS INTERNATIONAL AIRPORT, AK US","1953-06-26",,,"0.00","0.0","0.0"
"USW00026451","ANCHORAGE TED STEVENS INTERNATIONAL AIRPORT, AK US","1953-06-27",,,"0.00","0.0","0.0"
"USW00026451","ANCHORAGE TED STEVENS INTERNATIONAL AIRPORT, AK US","1953-06-28",,,"0.00","0.0","0.0"
"USW00026451","ANCHORAGE TED STEVENS INTERNATIONAL AIRPORT, AK US","1953-06-29",,,"0.00","0.0","0.0"
"USW00026451","ANCHORAGE TED STEVENS INTERNATIONAL AIRPORT, AK US","1953-06-30",,,"0.00","0.0","0.0"
"USW00026451","ANCHORAGE TED STEVENS INTERNATIONAL AIRPORT, AK US","1953-07-01",,,"0.04","0.0","0.0"
"USW00026451","ANCHORAGE TED STEVENS INTERNATIONAL AIRPORT, AK US","1953-07-02",,,"0.00","0.0","0.0"
"USW00026451","ANCHORAGE TED STEVENS INTERNATIONAL AIRPORT, AK US","1953-07-03",,,"0.00","0.0","0.0"
"USW00026451","ANCHORAGE TED STEVENS INTERNATIONAL AIRPORT, AK US","1953-07-04",,,"0.00","0.0","0.0"
"USW00026451","ANCHORAGE TED STEVENS INTERNATIONAL AIRPORT, AK US","1953-07-05",,,"0.00","0.0","0.0"
"USW00026451","ANCHORAGE TED STEVENS INTERNATIONAL AIRPORT, AK US","1953-07-06",,,"0.00","0.0","0.0"
"USW00026451","ANCHORAGE TED STEVENS INTERNATIONAL AIRPORT, AK US","1953-07-07",,,"0.00","0.0","0.0"
"USW00026451","ANCHORAGE TED STEVENS INTERNATIONAL AIRPORT, AK US","1953-07-08",,,"0.37","0.0","0.0"
"USW00026451","ANCHORAGE TED STEVENS INTERNATIONAL AIRPORT, AK US","1953-07-09",,,"0.00","0.0","0.0"
"USW00026451","ANCHORAGE TED STEVENS INTERNATIONAL AIRPORT, AK US","1953-07-10",,,"0.00","0.0","0.0"
"USW00026451","ANCHORAGE TED STEVENS INTERNATIONAL AIRPORT, AK US","1953-07-11",,,"0.00","0.0","0.0"
"USW00026451","ANCHORAGE TED STEVENS INTERNATIONAL AIRPORT, AK US","1953-07-12",,,"0.00","0.0","0.0"
"USW00026451","ANCHORAGE TED STEVENS INTERNATIONAL AIRPORT, AK US","1953-07-13",,,"0.00","0.0","0.0"
"USW00026451","ANCHORAGE TED STEVENS INTERNATIONAL AIRPORT, AK US","1953-07-14",,,"0.00","0.0","0.0"
"USW00026451","ANCHORAGE TED STEVENS INTERNATIONAL AIRPORT, AK US","1953-07-15",,,"0.00","0.0","0.0"
"USW00026451","ANCHORAGE TED STEVENS INTERNATIONAL AIRPORT, AK US","1953-07-16",,,"0.00","0.0","0.0"
"USW00026451","ANCHORAGE TED STEVENS INTERNATIONAL AIRPORT, AK US","1953-07-17",,,"0.04","0.0","0.0"
"USW00026451","ANCHORAGE TED STEVENS INTERNATIONAL AIRPORT, AK US","1953-07-18",,,"0.42","0.0","0.0"
"USW00026451","ANCHORAGE TED STEVENS INTERNATIONAL AIRPORT, AK US","1953-07-19",,,"0.07","0.0","0.0"
"USW00026451","ANCHORAGE TED STEVENS INTERNATIONAL AIRPORT, AK US","1953-07-20",,,"0.00","0.0","0.0"
"USW00026451","ANCHORAGE TED STEVENS INTERNATIONAL AIRPORT, AK US","1953-07-21",,,"0.00","0.0","0.0"
"USW00026451","ANCHORAGE TED STEVENS INTERNATIONAL AIRPORT, AK US","1953-07-22",,,"0.00","0.0","0.0"
"USW00026451","ANCHORAGE TED STEVENS INTERNATIONAL AIRPORT, AK US","1953-07-23",,,"0.00","0.0","0.0"
"USW00026451","ANCHORAGE TED STEVENS INTERNATIONAL AIRPORT, AK US","1953-07-24",,,"0.00","0.0","0.0"
"USW00026451","ANCHORAGE TED STEVENS INTERNATIONAL AIRPORT, AK US","1953-07-25",,,"0.00","0.0","0.0"
"USW00026451","ANCHORAGE TED STEVENS INTERNATIONAL AIRPORT, AK US","1953-07-26",,,"0.00","0.0","0.0"
"USW00026451","ANCHORAGE TED STEVENS INTERNATIONAL AIRPORT, AK US","1953-07-27",,,"0.00","0.0","0.0"
"USW00026451","ANCHORAGE TED STEVENS INTERNATIONAL AIRPORT, AK US","1953-07-28",,,"0.00","0.0","0.0"
"USW00026451","ANCHORAGE TED STEVENS INTERNATIONAL AIRPORT, AK US","1953-07-29",,,"0.00","0.0","0.0"
"USW00026451","ANCHORAGE TED STEVENS INTERNATIONAL AIRPORT, AK US","1953-07-30",,,"0.00","0.0","0.0"
"USW00026451","ANCHORAGE TED STEVENS INTERNATIONAL AIRPORT, AK US","1953-07-31",,,"0.00","0.0","0.0"
"USW00026451","ANCHORAGE TED STEVENS INTERNATIONAL AIRPORT, AK US","1953-08-01",,,"0.35","0.0","0.0"
"USW00026451","ANCHORAGE TED STEVENS INTERNATIONAL AIRPORT, AK US","1953-08-02",,,"0.80","0.0","0.0"
"USW00026451","ANCHORAGE TED STEVENS INTERNATIONAL AIRPORT, AK US","1953-08-03",,,"0.00","0.0","0.0"
"USW00026451","ANCHORAGE TED STEVENS INTERNATIONAL AIRPORT, AK US","1953-08-04",,,"0.00","0.0","0.0"
"USW00026451","ANCHORAGE TED STEVENS INTERNATIONAL AIRPORT, AK US","1953-08-05",,,"0.00","0.0","0.0"
"USW00026451","ANCHORAGE TED STEVENS INTERNATIONAL AIRPORT, AK US","1953-08-06",,,"0.28","0.0","0.0"
"USW00026451","ANCHORAGE TED STEVENS INTERNATIONAL AIRPORT, AK US","1953-08-07",,,"0.03","0.0","0.0"
"USW00026451","ANCHORAGE TED STEVENS INTERNATIONAL AIRPORT, AK US","1953-08-08",,,"0.22","0.0","0.0"
"USW00026451","ANCHORAGE TED STEVENS INTERNATIONAL AIRPORT, AK US","1953-08-09",,,"0.55","0.0","0.0"
"USW00026451","ANCHORAGE TED STEVENS INTERNATIONAL AIRPORT, AK US","1953-08-10",,,"0.06","0.0","0.0"
"USW00026451","ANCHORAGE TED STEVENS INTERNATIONAL AIRPORT, AK US","1953-08-11",,,"0.02","0.0","0.0"
"USW00026451","ANCHORAGE TED STEVENS INTERNATIONAL AIRPORT, AK US","1953-08-12",,,"0.00","0.0","0.0"
"USW00026451","ANCHORAGE TED STEVENS INTERNATIONAL AIRPORT, AK US","1953-08-13",,,"0.03","0.0","0.0"
"USW00026451","ANCHORAGE TED STEVENS INTERNATIONAL AIRPORT, AK US","1953-08-14",,,"0.08","0.0","0.0"
"USW00026451","ANCHORAGE TED STEVENS INTERNATIONAL AIRPORT, AK US","1953-08-15",,,"0.00","0.0","0.0"
"USW00026451","ANCHORAGE TED STEVENS INTERNATIONAL AIRPORT, AK US","1953-08-16",,,"0.00","0.0","0.0"
"USW00026451","ANCHORAGE TED STEVENS INTERNATIONAL AIRPORT, AK US","1953-08-17",,,"0.00","0.0","0.0"
"USW00026451","ANCHORAGE TED STEVENS INTERNATIONAL AIRPORT, AK US","1953-08-18",,,"0.00","0.0","0.0"
"USW00026451","ANCHORAGE TED STEVENS INTERNATIONAL AIRPORT, AK US","1953-08-19",,,"0.00","0.0","0.0"
"USW00026451","ANCHORAGE TED STEVENS INTERNATIONAL AIRPORT, AK US","1953-08-20",,,"0.00","0.0","0.0"
"USW00026451","ANCHORAGE TED STEVENS INTERNATIONAL AIRPORT, AK US","1953-08-21",,,"0.00","0.0","0.0"
"USW00026451","ANCHORAGE TED STEVENS INTERNATIONAL AIRPORT, AK US","1953-08-22",,,"0.60","0.0","0.0"
"USW00026451","ANCHORAGE TED STEVENS INTERNATIONAL AIRPORT, AK US","1953-08-23",,,"0.03","0.0","0.0"
"USW00026451","ANCHORAGE TED STEVENS INTERNATIONAL AIRPORT, AK US","1953-08-24",,,"0.00","0.0","0.0"
"USW00026451","ANCHORAGE TED STEVENS INTERNATIONAL AIRPORT, AK US","1953-08-25",,,"0.25","0.0","0.0"
"USW00026451","ANCHORAGE TED STEVENS INTERNATIONAL AIRPORT, AK US","1953-08-26",,,"0.02","0.0","0.0"
"USW00026451","ANCHORAGE TED STEVENS INTERNATIONAL AIRPORT, AK US","1953-08-27",,,"0.49","0.0","0.0"
"USW00026451","ANCHORAGE TED STEVENS INTERNATIONAL AIRPORT, AK US","1953-08-28",,,"0.68","0.0","0.0"
"USW00026451","ANCHORAGE TED STEVENS INTERNATIONAL AIRPORT, AK US","1953-08-29",,,"0.04","0.0","0.0"
"USW00026451","ANCHORAGE TED STEVENS INTERNATIONAL AIRPORT, AK US","1953-08-30",,,"0.04","0.0","0.0"
"USW00026451","ANCHORAGE TED STEVENS INTERNATIONAL AIRPORT, AK US","1953-08-31",,,"0.42","0.0","0.0"
"USW00026451","ANCHORAGE TED STEVENS INTERNATIONAL AIRPORT, AK US","1953-09-01",,,"0.39","0.0","0.0"
"USW00026451","ANCHORAGE TED STEVENS INTERNATIONAL AIRPORT, AK US","1953-09-02",,,"0.20","0.0","0.0"
"USW00026451","ANCHORAGE TED STEVENS INTERNATIONAL AIRPORT, AK US","1953-09-03",,,"0.18","0.0","0.0"
"USW00026451","ANCHORAGE TED STEVENS INTERNATIONAL AIRPORT, AK US","1953-09-04",,,"0.30","0.0","0.0"
"USW00026451","ANCHORAGE TED STEVENS INTERNATIONAL AIRPORT, AK US","1953-09-05",,,"0.19","0.0","0.0"
"USW00026451","ANCHORAGE TED STEVENS INTERNATIONAL AIRPORT, AK US","1953-09-06",,,"0.01","0.0","0.0"
"USW00026451","ANCHORAGE TED STEVENS INTERNATIONAL AIRPORT, AK US","1953-09-07",,,"0.00","0.0","0.0"
"USW00026451","ANCHORAGE TED STEVENS INTERNATIONAL AIRPORT, AK US","1953-09-08",,,"0.02","0.0","0.0"
"USW00026451","ANCHORAGE TED STEVENS INTERNATIONAL AIRPORT, AK US","1953-09-09",,,"0.01","0.0","0.0"
"USW00026451","ANCHORAGE TED STEVENS INTERNATIONAL AIRPORT, AK US","1953-09-10",,,"0.00","0.0","0.0"
"USW00026451","ANCHORAGE TED STEVENS INTERNATIONAL AIRPORT, AK US","1953-09-11",,,"0.31","0.0","0.0"
"USW00026451","ANCHORAGE TED STEVENS INTERNATIONAL AIRPORT, AK US","1953-09-12",,,"0.13","0.0","0.0"
"USW00026451","ANCHORAGE TED STEVENS INTERNATIONAL AIRPORT, AK US","1953-09-13",,,"0.04","0.0","0.0"
"USW00026451","ANCHORAGE TED STEVENS INTERNATIONAL AIRPORT, AK US","1953-09-14",,,"0.03","0.0","0.0"
"USW00026451","ANCHORAGE TED STEVENS INTERNATIONAL AIRPORT, AK US","1953-09-15",,,"0.00","0.0","0.0"
"USW00026451","ANCHORAGE TED STEVENS INTERNATIONAL AIRPORT, AK US","1953-09-16",,,"0.06","0.0","0.0"
"USW00026451","ANCHORAGE TED STEVENS INTERNATIONAL AIRPORT, AK US","1953-09-17",,,"0.15","0.0","0.0"
"USW00026451","ANCHORAGE TED STEVENS INTERNATIONAL AIRPORT, AK US","1953-09-18",,,"0.00","0.0","0.0"
"USW00026451","ANCHORAGE TED STEVENS INTERNATIONAL AIRPORT, AK US","1953-09-19",,,"0.05","0.0","0.0"
"USW00026451","ANCHORAGE TED STEVENS INTERNATIONAL AIRPORT, AK US","1953-09-20",,,"0.00","0.0","0.0"
"USW00026451","ANCHORAGE TED STEVENS INTERNATIONAL AIRPORT, AK US","1953-09-21",,,"0.11","0.0","0.0"
"USW00026451","ANCHORAGE TED STEVENS INTERNATIONAL AIRPORT, AK US","1953-09-22",,,"0.33","0.0","0.0"
"USW00026451","ANCHORAGE TED STEVENS INTERNATIONAL AIRPORT, AK US","1953-09-23",,,"0.13","0.0","0.0"
"USW00026451","ANCHORAGE TED STEVENS INTERNATIONAL AIRPORT, AK US","1953-09-24",,,"0.04","0.0","0.0"
"USW00026451","ANCHORAGE TED STEVENS INTERNATIONAL AIRPORT, AK US","1953-09-25",,,"0.01","0.0","0.0"
"USW00026451","ANCHORAGE TED STEVENS INTERNATIONAL AIRPORT, AK US","1953-09-26",,,"0.00","0.0","0.0"
"USW00026451","ANCHORAGE TED STEVENS INTERNATIONAL AIRPORT, AK US","1953-09-27",,,"0.00","0.0","0.0"
"USW00026451","ANCHORAGE TED STEVENS INTERNATIONAL AIRPORT, AK US","1953-09-28",,,"0.00","0.0","0.0"
"USW00026451","ANCHORAGE TED STEVENS INTERNATIONAL AIRPORT, AK US","1953-09-29",,,"0.00","0.0","0.0"
"USW00026451","ANCHORAGE TED STEVENS INTERNATIONAL AIRPORT, AK US","1953-09-30",,,"0.00","0.0","0.0"
"USW00026451","ANCHORAGE TED STEVENS INTERNATIONAL AIRPORT, AK US","1953-10-01",,,"0.00","0.0","0.0"
"USW00026451","ANCHORAGE TED STEVENS INTERNATIONAL AIRPORT, AK US","1953-10-02",,,"0.00","0.0","0.0"
"USW00026451","ANCHORAGE TED STEVENS INTERNATIONAL AIRPORT, AK US","1953-10-03",,,"0.00","0.0","0.0"
"USW00026451","ANCHORAGE TED STEVENS INTERNATIONAL AIRPORT, AK US","1953-10-04",,,"0.08","0.0","0.0"
"USW00026451","ANCHORAGE TED STEVENS INTERNATIONAL AIRPORT, AK US","1953-10-05",,,"0.13","0.0","0.0"
"USW00026451","ANCHORAGE TED STEVENS INTERNATIONAL AIRPORT, AK US","1953-10-06",,,"0.37","0.0","0.0"
"USW00026451","ANCHORAGE TED STEVENS INTERNATIONAL AIRPORT, AK US","1953-10-07",,,"0.13","0.0","0.0"
"USW00026451","ANCHORAGE TED STEVENS INTERNATIONAL AIRPORT, AK US","1953-10-08",,,"0.00","0.0","0.0"
"USW00026451","ANCHORAGE TED STEVENS INTERNATIONAL AIRPORT, AK US","1953-10-09",,,"0.00","0.0","0.0"
"USW00026451","ANCHORAGE TED STEVENS INTERNATIONAL AIRPORT, AK US","1953-10-10",,,"0.02","0.0","0.0"
"USW00026451","ANCHORAGE TED STEVENS INTERNATIONAL AIRPORT, AK US","1953-10-11",,,"0.00","0.0","0.0"
"USW00026451","ANCHORAGE TED STEVENS INTERNATIONAL AIRPORT, AK US","1953-10-12",,,"0.04","0.0","0.0"
"USW00026451","ANCHORAGE TED STEVENS INTERNATIONAL AIRPORT, AK US","1953-10-13",,,"0.00","0.0","0.0"
"USW00026451","ANCHORAGE TED STEVENS INTERNATIONAL AIRPORT, AK US","1953-10-14",,,"0.00","0.0","0.0"
"USW00026451","ANCHORAGE TED STEVENS INTERNATIONAL AIRPORT, AK US","1953-10-15",,,"0.00","0.0","0.0"
"USW00026451","ANCHORAGE TED STEVENS INTERNATIONAL AIRPORT, AK US","1953-10-16",,,"0.00","0.0","0.0"
"USW00026451","ANCHORAGE TED STEVENS INTERNATIONAL AIRPORT, AK US","1953-10-17",,,"0.00","0.0","0.0"
"USW00026451","ANCHORAGE TED STEVENS INTERNATIONAL AIRPORT, AK US","1953-10-18",,,"0.00","0.0","0.0"
"USW00026451","ANCHORAGE TED STEVENS INTERNATIONAL AIRPORT, AK US","1953-10-19",,,"0.00","0.0","0.0"
"USW00026451","ANCHORAGE TED STEVENS INTERNATIONAL AIRPORT, AK US","1953-10-20",,,"0.09","0.0","0.0"
"USW00026451","ANCHORAGE TED STEVENS INTERNATIONAL AIRPORT, AK US","1953-10-21",,,"0.30","0.0","0.0"
"USW00026451","ANCHORAGE TED STEVENS INTERNATIONAL AIRPORT, AK US","1953-10-22",,,"0.03","0.0","0.0"
"USW00026451","ANCHORAGE TED STEVENS INTERNATIONAL AIRPORT, AK US","1953-10-23",,,"0.05","0.0","0.0"
"USW00026451","ANCHORAGE TED STEVENS INTERNATIONAL AIRPORT, AK US","1953-10-24",,,"0.03","0.0","0.0"
"USW00026451","ANCHORAGE TED STEVENS INTERNATIONAL AIRPORT, AK US","1953-10-25",,,"0.00","0.0","0.0"
"USW00026451","ANCHORAGE TED STEVENS INTERNATIONAL AIRPORT, AK US","1953-10-26",,,"0.00","0.0","0.0"
"USW00026451","ANCHORAGE TED STEVENS INTERNATIONAL AIRPORT, AK US","1953-10-27",,,"0.00","0.0","0.0"
"USW00026451","ANCHORAGE TED STEVENS INTERNATIONAL AIRPORT, AK US","1953-10-28",,,"0.00","0.0","0.0"
"USW00026451","ANCHORAGE TED STEVENS INTERNATIONAL AIRPORT, AK US","1953-10-29",,,"0.00","0.0","0.0"
"USW00026451","ANCHORAGE TED STEVENS INTERNATIONAL AIRPORT, AK US","1953-10-30",,,"0.00","0.4","0.0"
"USW00026451","ANCHORAGE TED STEVENS INTERNATIONAL AIRPORT, AK US","1953-10-31",,,"0.00","0.0","0.0"
"USW00026451","ANCHORAGE TED STEVENS INTERNATIONAL AIRPORT, AK US","1953-11-01",,,"0.00","0.0","0.0"
"USW00026451","ANCHORAGE TED STEVENS INTERNATIONAL AIRPORT, AK US","1953-11-02",,,"0.00","0.0","0.0"
"USW00026451","ANCHORAGE TED STEVENS INTERNATIONAL AIRPORT, AK US","1953-11-03",,,"0.00","0.0","0.0"
"USW00026451","ANCHORAGE TED STEVENS INTERNATIONAL AIRPORT, AK US","1953-11-04",,,"0.00","0.0","0.0"
"USW00026451","ANCHORAGE TED STEVENS INTERNATIONAL AIRPORT, AK US","1953-11-05",,,"0.00","0.0","0.0"
"USW00026451","ANCHORAGE TED STEVENS INTERNATIONAL AIRPORT, AK US","1953-11-06",,,"0.00","0.0","0.0"
"USW00026451","ANCHORAGE TED STEVENS INTERNATIONAL AIRPORT, AK US","1953-11-07",,,"0.00","0.0","0.0"
"USW00026451","ANCHORAGE TED STEVENS INTERNATIONAL AIRPORT, AK US","1953-11-08",,,"0.00","0.0","0.0"
"USW00026451","ANCHORAGE TED STEVENS INTERNATIONAL AIRPORT, AK US","1953-11-09",,,"0.00","0.0","0.0"
"USW00026451","ANCHORAGE TED STEVENS INTERNATIONAL AIRPORT, AK US","1953-11-10",,,"0.00","0.0","0.0"
"USW00026451","ANCHORAGE TED STEVENS INTERNATIONAL AIRPORT, AK US","1953-11-11",,,"0.00","0.0","0.0"
"USW00026451","ANCHORAGE TED STEVENS INTERNATIONAL AIRPORT, AK US","1953-11-12",,,"0.00","0.0","0.0"
"USW00026451","ANCHORAGE TED STEVENS INTERNATIONAL AIRPORT, AK US","1953-11-13",,,"0.00","0.0","0.0"
"USW00026451","ANCHORAGE TED STEVENS INTERNATIONAL AIRPORT, AK US","1953-11-14",,,"0.00","0.0","0.0"
"USW00026451","ANCHORAGE TED STEVENS INTERNATIONAL AIRPORT, AK US","1953-11-15",,,"0.00","0.0","0.0"
"USW00026451","ANCHORAGE TED STEVENS INTERNATIONAL AIRPORT, AK US","1953-11-16",,,"0.04","0.6","1.0"
"USW00026451","ANCHORAGE TED STEVENS INTERNATIONAL AIRPORT, AK US","1953-11-17",,,"0.00","0.0","1.0"
"USW00026451","ANCHORAGE TED STEVENS INTERNATIONAL AIRPORT, AK US","1953-11-18",,,"0.00","0.0","1.0"
"USW00026451","ANCHORAGE TED STEVENS INTERNATIONAL AIRPORT, AK US","1953-11-19",,,"0.00","0.0","1.0"
"USW00026451","ANCHORAGE TED STEVENS INTERNATIONAL AIRPORT, AK US","1953-11-20",,,"0.00","0.0","0.0"
"USW00026451","ANCHORAGE TED STEVENS INTERNATIONAL AIRPORT, AK US","1953-11-21",,,"0.00","0.0","0.0"
"USW00026451","ANCHORAGE TED STEVENS INTERNATIONAL AIRPORT, AK US","1953-11-22",,,"0.02","0.4","1.0"
"USW00026451","ANCHORAGE TED STEVENS INTERNATIONAL AIRPORT, AK US","1953-11-23",,,"0.00","0.0","1.0"
"USW00026451","ANCHORAGE TED STEVENS INTERNATIONAL AIRPORT, AK US","1953-11-24",,,"0.05","1.0","1.0"
"USW00026451","ANCHORAGE TED STEVENS INTERNATIONAL AIRPORT, AK US","1953-11-25",,,"0.00","0.0","2.0"
"USW00026451","ANCHORAGE TED STEVENS INTERNATIONAL AIRPORT, AK US","1953-11-26",,,"0.00","0.0","2.0"
"USW00026451","ANCHORAGE TED STEVENS INTERNATIONAL AIRPORT, AK US","1953-11-27",,,"0.00","0.0","2.0"
"USW00026451","ANCHORAGE TED STEVENS INTERNATIONAL AIRPORT, AK US","1953-11-28",,,"0.00","0.0","1.0"
"USW00026451","ANCHORAGE TED STEVENS INTERNATIONAL AIRPORT, AK US","1953-11-29",,,"0.00","0.0","1.0"
"USW00026451","ANCHORAGE TED STEVENS INTERNATIONAL AIRPORT, AK US","1953-11-30",,,"0.00","0.0","1.0"
"USW00026451","ANCHORAGE TED STEVENS INTERNATIONAL AIRPORT, AK US","1953-12-01",,,"0.00","0.0","1.0"
"USW00026451","ANCHORAGE TED STEVENS INTERNATIONAL AIRPORT, AK US","1953-12-02",,,"0.00","0.0","1.0"
"USW00026451","ANCHORAGE TED STEVENS INTERNATIONAL AIRPORT, AK US","1953-12-03",,,"0.00","0.0","0.0"
"USW00026451","ANCHORAGE TED STEVENS INTERNATIONAL AIRPORT, AK US","1953-12-04",,,"0.00","0.0","0.0"
"USW00026451","ANCHORAGE TED STEVENS INTERNATIONAL AIRPORT, AK US","1953-12-05",,,"0.00","0.0","0.0"
"USW00026451","ANCHORAGE TED STEVENS INTERNATIONAL AIRPORT, AK US","1953-12-06",,,"0.00","0.0","0.0"
"USW00026451","ANCHORAGE TED STEVENS INTERNATIONAL AIRPORT, AK US","1953-12-07",,,"0.00","0.0","0.0"
"USW00026451","ANCHORAGE TED STEVENS INTERNATIONAL AIRPORT, AK US","1953-12-08",,,"0.01","0.1","0.0"
"USW00026451","ANCHORAGE TED STEVENS INTERNATIONAL AIRPORT, AK US","1953-12-09",,,"0.12","3.2","1.0"
"USW00026451","ANCHORAGE TED STEVENS INTERNATIONAL AIRPORT, AK US","1953-12-10",,,"0.00","0.0","3.0"
"USW00026451","ANCHORAGE TED STEVENS INTERNATIONAL AIRPORT, AK US","1953-12-11",,,"0.09","1.0","3.0"
"USW00026451","ANCHORAGE TED STEVENS INTERNATIONAL AIRPORT, AK US","1953-12-12",,,"0.06","1.5","5.0"
"USW00026451","ANCHORAGE TED STEVENS INTERNATIONAL AIRPORT, AK US","1953-12-13",,,"0.00","0.0","5.0"
"USW00026451","ANCHORAGE TED STEVENS INTERNATIONAL AIRPORT, AK US","1953-12-14",,,"0.00","0.0","5.0"
"USW00026451","ANCHORAGE TED STEVENS INTERNATIONAL AIRPORT, AK US","1953-12-15",,,"0.00","0.0","5.0"
"USW00026451","ANCHORAGE TED STEVENS INTERNATIONAL AIRPORT, AK US","1953-12-16",,,"0.00","0.0","4.0"
"USW00026451","ANCHORAGE TED STEVENS INTERNATIONAL AIRPORT, AK US","1953-12-17",,,"0.06","0.0","3.0"
"USW00026451","ANCHORAGE TED STEVENS INTERNATIONAL AIRPORT, AK US","1953-12-18",,,"0.00","0.0","3.0"
"USW00026451","ANCHORAGE TED STEVENS INTERNATIONAL AIRPORT, AK US","1953-12-19",,,"0.00","0.0","3.0"
"USW00026451","ANCHORAGE TED STEVENS INTERNATIONAL AIRPORT, AK US","1953-12-20",,,"0.00","0.0","3.0"
"USW00026451","ANCHORAGE TED STEVENS INTERNATIONAL AIRPORT, AK US","1953-12-21",,,"0.21","2.5","3.0"
"USW00026451","ANCHORAGE TED STEVENS INTERNATIONAL AIRPORT, AK US","1953-12-22",,,"0.00","0.0","6.0"
"USW00026451","ANCHORAGE TED STEVENS INTERNATIONAL AIRPORT, AK US","1953-12-23",,,"0.00","0.0","4.0"
"USW00026451","ANCHORAGE TED STEVENS INTERNATIONAL AIRPORT, AK US","1953-12-24",,,"0.00","0.0","4.0"
"USW00026451","ANCHORAGE TED STEVENS INTERNATIONAL AIRPORT, AK US","1953-12-25",,,"0.00","0.0","4.0"
"USW00026451","ANCHORAGE TED STEVENS INTERNATIONAL AIRPORT, AK US","1953-12-26",,,"0.09","3.9","7.0"
"USW00026451","ANCHORAGE TED STEVENS INTERNATIONAL AIRPORT, AK US","1953-12-27",,,"0.26","3.9","7.0"
"USW00026451","ANCHORAGE TED STEVENS INTERNATIONAL AIRPORT, AK US","1953-12-28",,,"0.03","0.7","10.0"
"USW00026451","ANCHORAGE TED STEVENS INTERNATIONAL AIRPORT, AK US","1953-12-29",,,"0.11","1.8","12.0"
"USW00026451","ANCHORAGE TED STEVENS INTERNATIONAL AIRPORT, AK US","1953-12-30",,,"0.01","0.2","12.0"
"USW00026451","ANCHORAGE TED STEVENS INTERNATIONAL AIRPORT, AK US","1953-12-31",,,"0.06","1.2","13.0"
"USW00026451","ANCHORAGE TED STEVENS INTERNATIONAL AIRPORT, AK US","1954-01-01",,,"0.00","0.0","12.0"
"USW00026451","ANCHORAGE TED STEVENS INTERNATIONAL AIRPORT, AK US","1954-01-02",,,"0.00","0.0","11.0"
"USW00026451","ANCHORAGE TED STEVENS INTERNATIONAL AIRPORT, AK US","1954-01-03",,,"0.00","0.0","11.0"
"USW00026451","ANCHORAGE TED STEVENS INTERNATIONAL AIRPORT, AK US","1954-01-04",,,"0.00","0.0","11.0"
"USW00026451","ANCHORAGE TED STEVENS INTERNATIONAL AIRPORT, AK US","1954-01-05",,,"0.00","0.0","11.0"
"USW00026451","ANCHORAGE TED STEVENS INTERNATIONAL AIRPORT, AK US","1954-01-06",,,"0.00","0.0","11.0"
"USW00026451","ANCHORAGE TED STEVENS INTERNATIONAL AIRPORT, AK US","1954-01-07",,,"0.00","0.0","10.0"
"USW00026451","ANCHORAGE TED STEVENS INTERNATIONAL AIRPORT, AK US","1954-01-08",,,"0.34","4.4","12.0"
"USW00026451","ANCHORAGE TED STEVENS INTERNATIONAL AIRPORT, AK US","1954-01-09",,,"0.03","0.2","14.0"
"USW00026451","ANCHORAGE TED STEVENS INTERNATIONAL AIRPORT, AK US","1954-01-10",,,"0.01","0.4","12.0"
"USW00026451","ANCHORAGE TED STEVENS INTERNATIONAL AIRPORT, AK US","1954-01-11",,,"0.01","0.5","13.0"
"USW00026451","ANCHORAGE TED STEVENS INTERNATIONAL AIRPORT, AK US","1954-01-12",,,"0.00","0.0","13.0"
"USW00026451","ANCHORAGE TED STEVENS INTERNATIONAL AIRPORT, AK US","1954-01-13",,,"0.00","0.0","13.0"
"USW00026451","ANCHORAGE TED STEVENS INTERNATIONAL AIRPORT, AK US","1954-01-14",,,"0.00","0.0","12.0"
"USW00026451","ANCHORAGE TED STEVENS INTERNATIONAL AIRPORT, AK US","1954-01-15",,,"0.00","0.0","12.0"
"USW00026451","ANCHORAGE TED STEVENS INTERNATIONAL AIRPORT, AK US","1954-01-16",,,"0.00","0.0","12.0"
"USW00026451","ANCHORAGE TED STEVENS INTERNATIONAL AIRPORT, AK US","1954-01-17",,,"0.00","0.0","12.0"
"USW00026451","ANCHORAGE TED STEVENS INTERNATIONAL AIRPORT, AK US","1954-01-18",,,"0.01","0.1","12.0"
"USW00026451","ANCHORAGE TED STEVENS INTERNATIONAL AIRPORT, AK US","1954-01-19",,,"0.00","0.0","12.0"
"USW00026451","ANCHORAGE TED STEVENS INTERNATIONAL AIRPORT, AK US","1954-01-20",,,"0.00","0.0","11.0"
"USW00026451","ANCHORAGE TED STEVENS INTERNATIONAL AIRPORT, AK US","1954-01-21",,,"0.00","0.0","11.0"
"USW00026451","ANCHORAGE TED STEVENS INTERNATIONAL AIRPORT, AK US","1954-01-22",,,"0.00","0.0","11.0"
"USW00026451","ANCHORAGE TED STEVENS INTERNATIONAL AIRPORT, AK US","1954-01-23",,,"0.00","0.0","11.0"
"USW00026451","ANCHORAGE TED STEVENS INTERNATIONAL AIRPORT, AK US","1954-01-24",,,"0.00","0.0","11.0"
"USW00026451","ANCHORAGE TED STEVENS INTERNATIONAL AIRPORT, AK US","1954-01-25",,,"0.00","0.0","11.0"
"USW00026451","ANCHORAGE TED STEVENS INTERNATIONAL AIRPORT, AK US","1954-01-26",,,"0.00","0.0","11.0"
"USW00026451","ANCHORAGE TED STEVENS INTERNATIONAL AIRPORT, AK US","1954-01-27",,,"0.00","0.0","11.0"
"USW00026451","ANCHORAGE TED STEVENS INTERNATIONAL AIRPORT, AK US","1954-01-28",,,"0.00","0.0","10.0"
"USW00026451","ANCHORAGE TED STEVENS INTERNATIONAL AIRPORT, AK US","1954-01-29",,,"0.00","0.0","10.0"
"USW00026451","ANCHORAGE TED STEVENS INTERNATIONAL AIRPORT, AK US","1954-01-30",,,"0.08","1.5","11.0"
"USW00026451","ANCHORAGE TED STEVENS INTERNATIONAL AIRPORT, AK US","1954-01-31",,,"0.08","1.0","12.0"
"USW00026451","ANCHORAGE TED STEVENS INTERNATIONAL AIRPORT, AK US","1954-02-01",,,"0.00","0.0","12.0"
"USW00026451","ANCHORAGE TED STEVENS INTERNATIONAL AIRPORT, AK US","1954-02-02",,,"0.00","0.0","12.0"
"USW00026451","ANCHORAGE TED STEVENS INTERNATIONAL AIRPORT, AK US","1954-02-03",,,"0.00","0.0","11.0"
"USW00026451","ANCHORAGE TED STEVENS INTERNATIONAL AIRPORT, AK US","1954-02-04",,,"0.00","0.0","10.0"
"USW00026451","ANCHORAGE TED STEVENS INTERNATIONAL AIRPORT, AK US","1954-02-05",,,"0.00","0.0","10.0"
"USW00026451","ANCHORAGE TED STEVENS INTERNATIONAL AIRPORT, AK US","1954-02-06",,,"0.00","0.0","9.0"
"USW00026451","ANCHORAGE TED STEVENS INTERNATIONAL AIRPORT, AK US","1954-02-07",,,"0.00","0.1","8.0"
"USW00026451","ANCHORAGE TED STEVENS INTERNATIONAL AIRPORT, AK US","1954-02-08",,,"0.02","0.1","8.0"
"USW00026451","ANCHORAGE TED STEVENS INTERNATIONAL AIRPORT, AK US","1954-02-09",,,"0.00","0.0","8.0"
"USW00026451","ANCHORAGE TED STEVENS INTERNATIONAL AIRPORT, AK US","1954-02-10",,,"0.00","0.0","8.0"
"USW00026451","ANCHORAGE TED STEVENS INTERNATIONAL AIRPORT, AK US","1954-02-11",,,"0.00","0.0","8.0"
"USW00026451","ANCHORAGE TED STEVENS INTERNATIONAL AIRPORT, AK US","1954-02-12",,,"0.00","0.0","8.0"
"USW00026451","ANCHORAGE TED STEVENS INTERNATIONAL AIRPORT, AK US","1954-02-13",,,"0.00","0.0","8.0"
"USW00026451","ANCHORAGE TED STEVENS INTERNATIONAL AIRPORT, AK US","1954-02-14",,,"0.00","0.0","8.0"
"USW00026451","ANCHORAGE TED STEVENS INTERNATIONAL AIRPORT, AK US","1954-02-15",,,"0.00","0.0","8.0"
"USW00026451","ANCHORAGE TED STEVENS INTERNATIONAL AIRPORT, AK US","1954-02-16",,,"0.00","0.0","8.0"
"USW00026451","ANCHORAGE TED STEVENS INTERNATIONAL AIRPORT, AK US","1954-02-17",,,"0.00","0.0","8.0"
"USW00026451","ANCHORAGE TED STEVENS INTERNATIONAL AIRPORT, AK US","1954-02-18",,,"0.00","0.0","8.0"
"USW00026451","ANCHORAGE TED STEVENS INTERNATIONAL AIRPORT, AK US","1954-02-19",,,"0.00","0.0","8.0"
"USW00026451","ANCHORAGE TED STEVENS INTERNATIONAL AIRPORT, AK US","1954-02-20",,,"0.00","0.0","8.0"
"USW00026451","ANCHORAGE TED STEVENS INTERNATIONAL AIRPORT, AK US","1954-02-21",,,"0.03","0.7","8.0"
"USW00026451","ANCHORAGE TED STEVENS INTERNATIONAL AIRPORT, AK US","1954-02-22",,,"0.13","1.6","10.0"
"USW00026451","ANCHORAGE TED STEVENS INTERNATIONAL AIRPORT, AK US","1954-02-23",,,"0.00","0.0","10.0"
"USW00026451","ANCHORAGE TED STEVENS INTERNATIONAL AIRPORT, AK US","1954-02-24",,,"0.00","0.0","10.0"
"USW00026451","ANCHORAGE TED STEVENS INTERNATIONAL AIRPORT, AK US","1954-02-25",,,"0.00","0.0","10.0"
"USW00026451","ANCHORAGE TED STEVENS INTERNATIONAL AIRPORT, AK US","1954-02-26",,,"0.00","0.0","10.0"
"USW00026451","ANCHORAGE TED STEVENS INTERNATIONAL AIRPORT, AK US","1954-02-27",,,"0.00","0.0","10.0"
"USW00026451","ANCHORAGE TED STEVENS INTERNATIONAL AIRPORT, AK US","1954-02-28",,,"0.00","0.0","10.0"
"USW00026451","ANCHORAGE TED STEVENS INTERNATIONAL AIRPORT, AK US","1954-03-01",,,"0.08","1.1","9.0"
"USW00026451","ANCHORAGE TED STEVENS INTERNATIONAL AIRPORT, AK US","1954-03-02",,,"0.10","2.1","12.0"
"USW00026451","ANCHORAGE TED STEVENS INTERNATIONAL AIRPORT, AK US","1954-03-03",,,"0.00","0.0","11.0"
"USW00026451","ANCHORAGE TED STEVENS INTERNATIONAL AIRPORT, AK US","1954-03-04",,,"0.02","0.5","11.0"
"USW00026451","ANCHORAGE TED STEVENS INTERNATIONAL AIRPORT, AK US","1954-03-05",,,"0.02","0.2","11.0"
"USW00026451","ANCHORAGE TED STEVENS INTERNATIONAL AIRPORT, AK US","1954-03-06",,,"0.01","0.5","11.0"
"USW00026451","ANCHORAGE TED STEVENS INTERNATIONAL AIRPORT, AK US","1954-03-07",,,"0.18","3.5","15.0"
"USW00026451","ANCHORAGE TED STEVENS INTERNATIONAL AIRPORT, AK US","1954-03-08",,,"0.00","0.0","14.0"
"USW00026451","ANCHORAGE TED STEVENS INTERNATIONAL AIRPORT, AK US","1954-03-09",,,"0.00","0.0","14.0"
"USW00026451","ANCHORAGE TED STEVENS INTERNATIONAL AIRPORT, AK US","1954-03-10",,,"0.00","0.0","14.0"
"USW00026451","ANCHORAGE TED STEVENS INTERNATIONAL AIRPORT, AK US","1954-03-11",,,"0.00","0.0","14.0"
"USW00026451","ANCHORAGE TED STEVENS INTERNATIONAL AIRPORT, AK US","1954-03-12",,,"0.00","0.0","13.0"
"USW00026451","ANCHORAGE TED STEVENS INTERNATIONAL AIRPORT, AK US","1954-03-13",,,"0.02","0.7","14.0"
"USW00026451","ANCHORAGE TED STEVENS INTERNATIONAL AIRPORT, AK US","1954-03-14",,,"0.00","0.0","14.0"
"USW00026451","ANCHORAGE TED STEVENS INTERNATIONAL AIRPORT, AK US","1954-03-15",,,"0.04","0.7","14.0"
"USW00026451","ANCHORAGE TED STEVENS INTERNATIONAL AIRPORT, AK US","1954-03-16",,,"0.16","2.9","17.0"
"USW00026451","ANCHORAGE TED STEVENS INTERNATIONAL AIRPORT, AK US","1954-03-17",,,"0.00","0.0","17.0"
"USW00026451","ANCHORAGE TED STEVENS INTERNATIONAL AIRPORT, AK US","1954-03-18",,,"0.00","0.0","17.0"
"USW00026451","ANCHORAGE TED STEVENS INTERNATIONAL AIRPORT, AK US","1954-03-19",,,"0.01","0.4","17.0"
"USW00026451","ANCHORAGE TED STEVENS INTERNATIONAL AIRPORT, AK US","1954-03-20",,,"0.03","0.5","17.0"
"USW00026451","ANCHORAGE TED STEVENS INTERNATIONAL AIRPORT, AK US","1954-03-21",,,"0.17","0.4","14.0"
"USW00026451","ANCHORAGE TED STEVENS INTERNATIONAL AIRPORT, AK US","1954-03-22",,,"0.00","0.0","12.0"
"USW00026451","ANCHORAGE TED STEVENS INTERNATIONAL AIRPORT, AK US","1954-03-23",,,"0.11","1.2","12.0"
"USW00026451","ANCHORAGE TED STEVENS INTERNATIONAL AIRPORT, AK US","1954-03-24",,,"0.02","0.2","13.0"
"USW00026451","ANCHORAGE TED STEVENS INTERNATIONAL AIRPORT, AK US","1954-03-25",,,"0.00","0.0","13.0"
"USW00026451","ANCHORAGE TED STEVENS INTERNATIONAL AIRPORT, AK US","1954-03-26",,,"0.00","0.0","13.0"
"USW00026451","ANCHORAGE TED STEVENS INTERNATIONAL AIRPORT, AK US","1954-03-27",,,"0.00","0.0","13.0"
"USW00026451","ANCHORAGE TED STEVENS INTERNATIONAL AIRPORT, AK US","1954-03-28",,,"0.00","0.0","12.0"
"USW00026451","ANCHORAGE TED STEVENS INTERNATIONAL AIRPORT, AK US","1954-03-29",,,"0.00","0.0","11.0"
"USW00026451","ANCHORAGE TED STEVENS INTERNATIONAL AIRPORT, AK US","1954-03-30",,,"0.00","0.0","11.0"
"USW00026451","ANCHORAGE TED STEVENS INTERNATIONAL AIRPORT, AK US","1954-03-31",,,"0.00","0.0","11.0"
"USW00026451","ANCHORAGE TED STEVENS INTERNATIONAL AIRPORT, AK US","1954-04-01",,,"0.00","0.0","11.0"
"USW00026451","ANCHORAGE TED STEVENS INTERNATIONAL AIRPORT, AK US","1954-04-02",,,"0.00","0.0","10.0"
"USW00026451","ANCHORAGE TED STEVENS INTERNATIONAL AIRPORT, AK US","1954-04-03",,,"0.00","0.0","10.0"
"USW00026451","ANCHORAGE TED STEVENS INTERNATIONAL AIRPORT, AK US","1954-04-04",,,"0.00","0.0","9.0"
"USW00026451","ANCHORAGE TED STEVENS INTERNATIONAL AIRPORT, AK US","1954-04-05",,,"0.00","0.0","7.0"
"USW00026451","ANCHORAGE TED STEVENS INTERNATIONAL AIRPORT, AK US","1954-04-06",,,"0.00","0.0","7.0"
"USW00026451","ANCHORAGE TED STEVENS INTERNATIONAL AIRPORT, AK US","1954-04-07",,,"0.03","0.7","6.0"
"USW00026451","ANCHORAGE TED STEVENS INTERNATIONAL AIRPORT, AK US","1954-04-08",,,"0.00","0.0","6.0"
"USW00026451","ANCHORAGE TED STEVENS INTERNATIONAL AIRPORT, AK US","1954-04-09",,,"0.00","0.0","6.0"
"USW00026451","ANCHORAGE TED STEVENS INTERNATIONAL AIRPORT, AK US","1954-04-10",,,"0.00","0.0","5.0"
"USW00026451","ANCHORAGE TED STEVENS INTERNATIONAL AIRPORT, AK US","1954-04-11",,,"0.00","0.0","4.0"
"USW00026451","ANCHORAGE TED STEVENS INTERNATIONAL AIRPORT, AK US","1954-04-12",,,"0.00","0.0","2.0"
"USW00026451","ANCHORAGE TED STEVENS INTERNATIONAL AIRPORT, AK US","1954-04-13",,,"0.00","0.0","1.0"
"USW00026451","ANCHORAGE TED STEVENS INTERNATIONAL AIRPORT, AK US","1954-04-14",,,"0.00","0.0","1.0"
"USW00026451","ANCHORAGE TED STEVENS INTERNATIONAL AIRPORT, AK US","1954-04-15",,,"0.00","0.0","0.0"
"USW00026451","ANCHORAGE TED STEVENS INTERNATIONAL AIRPORT, AK US","1954-04-16",,,"0.00","0.0","0.0"
"USW00026451","ANCHORAGE TED STEVENS INTERNATIONAL AIRPORT, AK US","1954-04-17",,,"0.00","0.0","0.0"
"USW00026451","ANCHORAGE TED STEVENS INTERNATIONAL AIRPORT, AK US","1954-04-18",,,"0.00","0.0","0.0"
"USW00026451","ANCHORAGE TED STEVENS INTERNATIONAL AIRPORT, AK US","1954-04-19",,,"0.00","0.0","0.0"
"USW00026451","ANCHORAGE TED STEVENS INTERNATIONAL AIRPORT, AK US","1954-04-20",,,"0.00","0.0","0.0"
"USW00026451","ANCHORAGE TED STEVENS INTERNATIONAL AIRPORT, AK US","1954-04-21",,,"0.00","0.0","0.0"
"USW00026451","ANCHORAGE TED STEVENS INTERNATIONAL AIRPORT, AK US","1954-04-22",,,"0.00","0.0","0.0"
"USW00026451","ANCHORAGE TED STEVENS INTERNATIONAL AIRPORT, AK US","1954-04-23",,,"0.00","0.0","0.0"
"USW00026451","ANCHORAGE TED STEVENS INTERNATIONAL AIRPORT, AK US","1954-04-24",,,"0.00","0.0","0.0"
"USW00026451","ANCHORAGE TED STEVENS INTERNATIONAL AIRPORT, AK US","1954-04-25",,,"0.00","0.0","0.0"
"USW00026451","ANCHORAGE TED STEVENS INTERNATIONAL AIRPORT, AK US","1954-04-26",,,"0.00","0.0","0.0"
"USW00026451","ANCHORAGE TED STEVENS INTERNATIONAL AIRPORT, AK US","1954-04-27",,,"0.00","0.0","0.0"
"USW00026451","ANCHORAGE TED STEVENS INTERNATIONAL AIRPORT, AK US","1954-04-28",,,"0.00","0.0","0.0"
"USW00026451","ANCHORAGE TED STEVENS INTERNATIONAL AIRPORT, AK US","1954-04-29",,,"0.00","0.0","0.0"
"USW00026451","ANCHORAGE TED STEVENS INTERNATIONAL AIRPORT, AK US","1954-04-30",,,"0.00","0.0","0.0"
"USW00026451","ANCHORAGE TED STEVENS INTERNATIONAL AIRPORT, AK US","1954-05-01",,,"0.00","0.0","0.0"
"USW00026451","ANCHORAGE TED STEVENS INTERNATIONAL AIRPORT, AK US","1954-05-02",,,"0.00","0.0","0.0"
"USW00026451","ANCHORAGE TED STEVENS INTERNATIONAL AIRPORT, AK US","1954-05-03",,,"0.00","0.0","0.0"
"USW00026451","ANCHORAGE TED STEVENS INTERNATIONAL AIRPORT, AK US","1954-05-04",,,"0.00","0.0","0.0"
"USW00026451","ANCHORAGE TED STEVENS INTERNATIONAL AIRPORT, AK US","1954-05-05",,,"0.00","0.0","0.0"
"USW00026451","ANCHORAGE TED STEVENS INTERNATIONAL AIRPORT, AK US","1954-05-06",,,"0.00","0.0","0.0"
"USW00026451","ANCHORAGE TED STEVENS INTERNATIONAL AIRPORT, AK US","1954-05-07",,,"0.00","0.0","0.0"
"USW00026451","ANCHORAGE TED STEVENS INTERNATIONAL AIRPORT, AK US","1954-05-08",,,"0.00","0.0","0.0"
"USW00026451","ANCHORAGE TED STEVENS INTERNATIONAL AIRPORT, AK US","1954-05-09",,,"0.00","0.0","0.0"
"USW00026451","ANCHORAGE TED STEVENS INTERNATIONAL AIRPORT, AK US","1954-05-10",,,"0.00","0.0","0.0"
"USW00026451","ANCHORAGE TED STEVENS INTERNATIONAL AIRPORT, AK US","1954-05-11",,,"0.00","0.0","0.0"
"USW00026451","ANCHORAGE TED STEVENS INTERNATIONAL AIRPORT, AK US","1954-05-12",,,"0.00","0.0","0.0"
"USW00026451","ANCHORAGE TED STEVENS INTERNATIONAL AIRPORT, AK US","1954-05-13",,,"0.04","0.0","0.0"
"USW00026451","ANCHORAGE TED STEVENS INTERNATIONAL AIRPORT, AK US","1954-05-14",,,"0.00","0.0","0.0"
"USW00026451","ANCHORAGE TED STEVENS INTERNATIONAL AIRPORT, AK US","1954-05-15",,,"0.00","0.0","0.0"
"USW00026451","ANCHORAGE TED STEVENS INTERNATIONAL AIRPORT, AK US","1954-05-16",,,"0.00","0.0","0.0"
"USW00026451","ANCHORAGE TED STEVENS INTERNATIONAL AIRPORT, AK US","1954-05-17",,,"0.00","0.0","0.0"
"USW00026451","ANCHORAGE TED STEVENS INTERNATIONAL AIRPORT, AK US","1954-05-18",,,"0.00","0.0","0.0"
"USW00026451","ANCHORAGE TED STEVENS INTERNATIONAL AIRPORT, AK US","1954-05-19",,,"0.00","0.0","0.0"
"USW00026451","ANCHORAGE TED STEVENS INTERNATIONAL AIRPORT, AK US","1954-05-20",,,"0.02","0.0","0.0"
"USW00026451","ANCHORAGE TED STEVENS INTERNATIONAL AIRPORT, AK US","1954-05-21",,,"0.00","0.0","0.0"
"USW00026451","ANCHORAGE TED STEVENS INTERNATIONAL AIRPORT, AK US","1954-05-22",,,"0.00","0.0","0.0"
"USW00026451","ANCHORAGE TED STEVENS INTERNATIONAL AIRPORT, AK US","1954-05-23",,,"0.00","0.0","0.0"
"USW00026451","ANCHORAGE TED STEVENS INTERNATIONAL AIRPORT, AK US","1954-05-24",,,"0.04","0.0","0.0"
"USW00026451","ANCHORAGE TED STEVENS INTERNATIONAL AIRPORT, AK US","1954-05-25",,,"0.00","0.0","0.0"
"USW00026451","ANCHORAGE TED STEVENS INTERNATIONAL AIRPORT, AK US","1954-05-26",,,"0.00","0.0","0.0"
"USW00026451","ANCHORAGE TED STEVENS INTERNATIONAL AIRPORT, AK US","1954-05-27",,,"0.05","0.0","0.0"
"USW00026451","ANCHORAGE TED STEVENS INTERNATIONAL AIRPORT, AK US","1954-05-28",,,"0.00","0.0","0.0"
"USW00026451","ANCHORAGE TED STEVENS INTERNATIONAL AIRPORT, AK US","1954-05-29",,,"0.00","0.0","0.0"
"USW00026451","ANCHORAGE TED STEVENS INTERNATIONAL AIRPORT, AK US","1954-05-30",,,"0.00","0.0","0.0"
"USW00026451","ANCHORAGE TED STEVENS INTERNATIONAL AIRPORT, AK US","1954-05-31",,,"0.00","0.0","0.0"
"USW00026451","ANCHORAGE TED STEVENS INTERNATIONAL AIRPORT, AK US","1954-06-01",,,"0.00","0.0","0.0"
"USW00026451","ANCHORAGE TED STEVENS INTERNATIONAL AIRPORT, AK US","1954-06-02",,,"0.00","0.0","0.0"
"USW00026451","ANCHORAGE TED STEVENS INTERNATIONAL AIRPORT, AK US","1954-06-03",,,"0.00","0.0","0.0"
"USW00026451","ANCHORAGE TED STEVENS INTERNATIONAL AIRPORT, AK US","1954-06-04",,,"0.00","0.0","0.0"
"USW00026451","ANCHORAGE TED STEVENS INTERNATIONAL AIRPORT, AK US","1954-06-05",,,"0.00","0.0","0.0"
"USW00026451","ANCHORAGE TED STEVENS INTERNATIONAL AIRPORT, AK US","1954-06-06",,,"0.00","0.0","0.0"
"USW00026451","ANCHORAGE TED STEVENS INTERNATIONAL AIRPORT, AK US","1954-06-07",,,"0.00","0.0","0.0"
"USW00026451","ANCHORAGE TED STEVENS INTERNATIONAL AIRPORT, AK US","1954-06-08",,,"0.00","0.0","0.0"
"USW00026451","ANCHORAGE TED STEVENS INTERNATIONAL AIRPORT, AK US","1954-06-09",,,"0.00","0.0","0.0"
"USW00026451","ANCHORAGE TED STEVENS INTERNATIONAL AIRPORT, AK US","1954-06-10",,,"0.00","0.0","0.0"
"USW00026451","ANCHORAGE TED STEVENS INTERNATIONAL AIRPORT, AK US","1954-06-11",,,"0.00","0.0","0.0"
"USW00026451","ANCHORAGE TED STEVENS INTERNATIONAL AIRPORT, AK US","1954-06-12",,,"0.02","0.0","0.0"
"USW00026451","ANCHORAGE TED STEVENS INTERNATIONAL AIRPORT, AK US","1954-06-13",,,"0.00","0.0","0.0"
"USW00026451","ANCHORAGE TED STEVENS INTERNATIONAL AIRPORT, AK US","1954-06-14",,,"0.07","0.0","0.0"
"USW00026451","ANCHORAGE TED STEVENS INTERNATIONAL AIRPORT, AK US","1954-06-15",,,"0.20","0.0","0.0"
"USW00026451","ANCHORAGE TED STEVENS INTERNATIONAL AIRPORT, AK US","1954-06-16",,,"0.00","0.0","0.0"
"USW00026451","ANCHORAGE TED STEVENS INTERNATIONAL AIRPORT, AK US","1954-06-17",,,"0.00","0.0","0.0"
"USW00026451","ANCHORAGE TED STEVENS INTERNATIONAL AIRPORT, AK US","1954-06-18",,,"0.00","0.0","0.0"
"USW00026451","ANCHORAGE TED STEVENS INTERNATIONAL AIRPORT, AK US","1954-06-19",,,"0.00","0.0","0.0"
"USW00026451","ANCHORAGE TED STEVENS INTERNATIONAL AIRPORT, AK US","1954-06-20",,,"0.00","0.0","0.0"
"USW00026451","ANCHORAGE TED STEVENS INTERNATIONAL AIRPORT, AK US","1954-06-21",,,"0.16","0.0","0.0"
"USW00026451","ANCHORAGE TED STEVENS INTERNATIONAL AIRPORT, AK US","1954-06-22",,,"0.29","0.0","0.0"
"USW00026451","ANCHORAGE TED STEVENS INTERNATIONAL AIRPORT, AK US","1954-06-23",,,"0.00","0.0","0.0"
"USW00026451","ANCHORAGE TED STEVENS INTERNATIONAL AIRPORT, AK US","1954-06-24",,,"0.00","0.0","0.0"
"USW00026451","ANCHORAGE TED STEVENS INTERNATIONAL AIRPORT, AK US","1954-06-25",,,"0.00","0.0","0.0"
"USW00026451","ANCHORAGE TED STEVENS INTERNATIONAL AIRPORT, AK US","1954-06-26",,,"0.00","0.0","0.0"
"USW00026451","ANCHORAGE TED STEVENS INTERNATIONAL AIRPORT, AK US","1954-06-27",,,"0.17","0.0","0.0"
"USW00026451","ANCHORAGE TED STEVENS INTERNATIONAL AIRPORT, AK US","1954-06-28",,,"0.00","0.0","0.0"
"USW00026451","ANCHORAGE TED STEVENS INTERNATIONAL AIRPORT, AK US","1954-06-29",,,"0.00","0.0","0.0"
"USW00026451","ANCHORAGE TED STEVENS INTERNATIONAL AIRPORT, AK US","1954-06-30",,,"0.00","0.0","0.0"
"USW00026451","ANCHORAGE TED STEVENS INTERNATIONAL AIRPORT, AK US","1954-07-01",,,"0.38","0.0","0.0"
"USW00026451","ANCHORAGE TED STEVENS INTERNATIONAL AIRPORT, AK US","1954-07-02",,,"0.00","0.0","0.0"
"USW00026451","ANCHORAGE TED STEVENS INTERNATIONAL AIRPORT, AK US","1954-07-03",,,"0.00","0.0","0.0"
"USW00026451","ANCHORAGE TED STEVENS INTERNATIONAL AIRPORT, AK US","1954-07-04",,,"0.00","0.0","0.0"
"USW00026451","ANCHORAGE TED STEVENS INTERNATIONAL AIRPORT, AK US","1954-07-05",,,"0.09","0.0","0.0"
"USW00026451","ANCHORAGE TED STEVENS INTERNATIONAL AIRPORT, AK US","1954-07-06",,,"0.09","0.0","0.0"
"USW00026451","ANCHORAGE TED STEVENS INTERNATIONAL AIRPORT, AK US","1954-07-07",,,"0.00","0.0","0.0"
"USW00026451","ANCHORAGE TED STEVENS INTERNATIONAL AIRPORT, AK US","1954-07-08",,,"0.00","0.0","0.0"
"USW00026451","ANCHORAGE TED STEVENS INTERNATIONAL AIRPORT, AK US","1954-07-09",,,"0.00","0.0","0.0"
"USW00026451","ANCHORAGE TED STEVENS INTERNATIONAL AIRPORT, AK US","1954-07-10",,,"0.00","0.0","0.0"
"USW00026451","ANCHORAGE TED STEVENS INTERNATIONAL AIRPORT, AK US","1954-07-11",,,"0.00","0.0","0.0"
"USW00026451","ANCHORAGE TED STEVENS INTERNATIONAL AIRPORT, AK US","1954-07-12",,,"0.00","0.0","0.0"
"USW00026451","ANCHORAGE TED STEVENS INTERNATIONAL AIRPORT, AK US","1954-07-13",,,"0.00","0.0","0.0"
"USW00026451","ANCHORAGE TED STEVENS INTERNATIONAL AIRPORT, AK US","1954-07-14",,,"0.00","0.0","0.0"
"USW00026451","ANCHORAGE TED STEVENS INTERNATIONAL AIRPORT, AK US","1954-07-15",,,"0.10","0.0","0.0"
"USW00026451","ANCHORAGE TED STEVENS INTERNATIONAL AIRPORT, AK US","1954-07-16",,,"0.04","0.0","0.0"
"USW00026451","ANCHORAGE TED STEVENS INTERNATIONAL AIRPORT, AK US","1954-07-17",,,"0.00","0.0","0.0"
"USW00026451","ANCHORAGE TED STEVENS INTERNATIONAL AIRPORT, AK US","1954-07-18",,,"0.00","0.0","0.0"
"USW00026451","ANCHORAGE TED STEVENS INTERNATIONAL AIRPORT, AK US","1954-07-19",,,"0.00","0.0","0.0"
"USW00026451","ANCHORAGE TED STEVENS INTERNATIONAL AIRPORT, AK US","1954-07-20",,,"0.16","0.0","0.0"
"USW00026451","ANCHORAGE TED STEVENS INTERNATIONAL AIRPORT, AK US","1954-07-21",,,"0.03","0.0","0.0"
"USW00026451","ANCHORAGE TED STEVENS INTERNATIONAL AIRPORT, AK US","1954-07-22",,,"0.06","0.0","0.0"
"USW00026451","ANCHORAGE TED STEVENS INTERNATIONAL AIRPORT, AK US","1954-07-23",,,"0.25","0.0","0.0"
"USW00026451","ANCHORAGE TED STEVENS INTERNATIONAL AIRPORT, AK US","1954-07-24",,,"0.00","0.0","0.0"
"USW00026451","ANCHORAGE TED STEVENS INTERNATIONAL AIRPORT, AK US","1954-07-25",,,"0.00","0.0","0.0"
"USW00026451","ANCHORAGE TED STEVENS INTERNATIONAL AIRPORT, AK US","1954-07-26",,,"0.00","0.0","0.0"
"USW00026451","ANCHORAGE TED STEVENS INTERNATIONAL AIRPORT, AK US","1954-07-27",,,"0.08","0.0","0.0"
"USW00026451","ANCHORAGE TED STEVENS INTERNATIONAL AIRPORT, AK US","1954-07-28",,,"0.00","0.0","0.0"
"USW00026451","ANCHORAGE TED STEVENS INTERNATIONAL AIRPORT, AK US","1954-07-29",,,"0.03","0.0","0.0"
"USW00026451","ANCHORAGE TED STEVENS INTERNATIONAL AIRPORT, AK US","1954-07-30",,,"0.35","0.0","0.0"
"USW00026451","ANCHORAGE TED STEVENS INTERNATIONAL AIRPORT, AK US","1954-07-31",,,"0.42","0.0","0.0"
"USW00026451","ANCHORAGE TED STEVENS INTERNATIONAL AIRPORT, AK US","1954-08-01",,,"0.31","0.0","0.0"
"USW00026451","ANCHORAGE TED STEVENS INTERNATIONAL AIRPORT, AK US","1954-08-02",,,"0.11","0.0","0.0"
"USW00026451","ANCHORAGE TED STEVENS INTERNATIONAL AIRPORT, AK US","1954-08-03",,,"0.00","0.0","0.0"
"USW00026451","ANCHORAGE TED STEVENS INTERNATIONAL AIRPORT, AK US","1954-08-04",,,"0.01","0.0","0.0"
"USW00026451","ANCHORAGE TED STEVENS INTERNATIONAL AIRPORT, AK US","1954-08-05",,,"0.00","0.0","0.0"
"USW00026451","ANCHORAGE TED STEVENS INTERNATIONAL AIRPORT, AK US","1954-08-06",,,"0.00","0.0","0.0"
"USW00026451","ANCHORAGE TED STEVENS INTERNATIONAL AIRPORT, AK US","1954-08-07",,,"0.00","0.0","0.0"
"USW00026451","ANCHORAGE TED STEVENS INTERNATIONAL AIRPORT, AK US","1954-08-08",,,"0.00","0.0","0.0"
"USW00026451","ANCHORAGE TED STEVENS INTERNATIONAL AIRPORT, AK US","1954-08-09",,,"0.00","0.0","0.0"
"USW00026451","ANCHORAGE TED STEVENS INTERNATIONAL AIRPORT, AK US","1954-08-10",,,"0.01","0.0","0.0"
"USW00026451","ANCHORAGE TED STEVENS INTERNATIONAL AIRPORT, AK US","1954-08-11",,,"0.29","0.0","0.0"
"USW00026451","ANCHORAGE TED STEVENS INTERNATIONAL AIRPORT, AK US","1954-08-12",,,"0.92","0.0","0.0"
"USW00026451","ANCHORAGE TED STEVENS INTERNATIONAL AIRPORT, AK US","1954-08-13",,,"0.02","0.0","0.0"
"USW00026451","ANCHORAGE TED STEVENS INTERNATIONAL AIRPORT, AK US","1954-08-14",,,"0.02","0.0","0.0"
"USW00026451","ANCHORAGE TED STEVENS INTERNATIONAL AIRPORT, AK US","1954-08-15",,,"0.00","0.0","0.0"
"USW00026451","ANCHORAGE TED STEVENS INTERNATIONAL AIRPORT, AK US","1954-08-16",,,"0.00","0.0","0.0"
"USW00026451","ANCHORAGE TED STEVENS INTERNATIONAL AIRPORT, AK US","1954-08-17",,,"0.07","0.0","0.0"
"USW00026451","ANCHORAGE TED STEVENS INTERNATIONAL AIRPORT, AK US","1954-08-18",,,"0.03","0.0","0.0"
"USW00026451","ANCHORAGE TED STEVENS INTERNATIONAL AIRPORT, AK US","1954-08-19",,,"0.11","0.0","0.0"
"USW00026451","ANCHORAGE TED STEVENS INTERNATIONAL AIRPORT, AK US","1954-08-20",,,"0.00","0.0","0.0"
"USW00026451","ANCHORAGE TED STEVENS INTERNATIONAL AIRPORT, AK US","1954-08-21",,,"0.00","0.0","0.0"
"USW00026451","ANCHORAGE TED STEVENS INTERNATIONAL AIRPORT, AK US","1954-08-22",,,"0.11","0.0","0.0"
"USW00026451","ANCHORAGE TED STEVENS INTERNATIONAL AIRPORT, AK US","1954-08-23",,,"0.12","0.0","0.0"
"USW00026451","ANCHORAGE TED STEVENS INTERNATIONAL AIRPORT, AK US","1954-08-24",,,"0.00","0.0","0.0"
"USW00026451","ANCHORAGE TED STEVENS INTERNATIONAL AIRPORT, AK US","1954-08-25",,,"0.00","0.0","0.0"
"USW00026451","ANCHORAGE TED STEVENS INTERNATIONAL AIRPORT, AK US","1954-08-26",,,"0.00","0.0","0.0"
"USW00026451","ANCHORAGE TED STEVENS INTERNATIONAL AIRPORT, AK US","1954-08-27",,,"0.00","0.0","0.0"
"USW00026451","ANCHORAGE TED STEVENS INTERNATIONAL AIRPORT, AK US","1954-08-28",,,"0.00","0.0","0.0"
"USW00026451","ANCHORAGE TED STEVENS INTERNATIONAL AIRPORT, AK US","1954-08-29",,,"0.00","0.0","0.0"
"USW00026451","ANCHORAGE TED STEVENS INTERNATIONAL AIRPORT, AK US","1954-08-30",,,"0.00","0.0","0.0"
"USW00026451","ANCHORAGE TED STEVENS INTERNATIONAL AIRPORT, AK US","1954-08-31",,,"0.00","0.0","0.0"
"USW00026451","ANCHORAGE TED STEVENS INTERNATIONAL AIRPORT, AK US","1954-09-01",,,"0.00","0.0","0.0"
"USW00026451","ANCHORAGE TED STEVENS INTERNATIONAL AIRPORT, AK US","1954-09-02",,,"0.19","0.0","0.0"
"USW00026451","ANCHORAGE TED STEVENS INTERNATIONAL AIRPORT, AK US","1954-09-03",,,"0.05","0.0","0.0"
"USW00026451","ANCHORAGE TED STEVENS INTERNATIONAL AIRPORT, AK US","1954-09-04",,,"0.21","0.0","0.0"
"USW00026451","ANCHORAGE TED STEVENS INTERNATIONAL AIRPORT, AK US","1954-09-05",,,"0.02","0.0","0.0"
"USW00026451","ANCHORAGE TED STEVENS INTERNATIONAL AIRPORT, AK US","1954-09-06",,,"0.03","0.0","0.0"
"USW00026451","ANCHORAGE TED STEVENS INTERNATIONAL AIRPORT, AK US","1954-09-07",,,"0.00","0.0","0.0"
"USW00026451","ANCHORAGE TED STEVENS INTERNATIONAL AIRPORT, AK US","1954-09-08",,,"0.00","0.0","0.0"
"USW00026451","ANCHORAGE TED STEVENS INTERNATIONAL AIRPORT, AK US","1954-09-09",,,"0.41","0.0","0.0"
"USW00026451","ANCHORAGE TED STEVENS INTERNATIONAL AIRPORT, AK US","1954-09-10",,,"0.20","0.0","0.0"
"USW00026451","ANCHORAGE TED STEVENS INTERNATIONAL AIRPORT, AK US","1954-09-11",,,"0.00","0.0","0.0"
"USW00026451","ANCHORAGE TED STEVENS INTERNATIONAL AIRPORT, AK US","1954-09-12",,,"0.00","0.0","0.0"
"USW00026451","ANCHORAGE TED STEVENS INTERNATIONAL AIRPORT, AK US","1954-09-13",,,"0.00","0.0","0.0"
"USW00026451","ANCHORAGE TED STEVENS INTERNATIONAL AIRPORT, AK US","1954-09-14",,,"0.02","0.0","0.0"
"USW00026451","ANCHORAGE TED STEVENS INTERNATIONAL AIRPORT, AK US","1954-09-15",,,"0.01","0.0","0.0"
"USW00026451","ANCHORAGE TED STEVENS INTERNATIONAL AIRPORT, AK US","1954-09-16",,,"0.01","0.0","0.0"
"USW00026451","ANCHORAGE TED STEVENS INTERNATIONAL AIRPORT, AK US","1954-09-17",,,"0.03","0.0","0.0"
"USW00026451","ANCHORAGE TED STEVENS INTERNATIONAL AIRPORT, AK US","1954-09-18",,,"0.00","0.0","0.0"
"USW00026451","ANCHORAGE TED STEVENS INTERNATIONAL AIRPORT, AK US","1954-09-19",,,"0.02","0.0","0.0"
"USW00026451","ANCHORAGE TED STEVENS INTERNATIONAL AIRPORT, AK US","1954-09-20",,,"0.00","0.0","0.0"
"USW00026451","ANCHORAGE TED STEVENS INTERNATIONAL AIRPORT, AK US","1954-09-21",,,"0.00","0.0","0.0"
"USW00026451","ANCHORAGE TED STEVENS INTERNATIONAL AIRPORT, AK US","1954-09-22",,,"0.00","0.0","0.0"
"USW00026451","ANCHORAGE TED STEVENS INTERNATIONAL AIRPORT, AK US","1954-09-23",,,"0.00","0.0","0.0"
"USW00026451","ANCHORAGE TED STEVENS INTERNATIONAL AIRPORT, AK US","1954-09-24",,,"0.03","0.0","0.0"
"USW00026451","ANCHORAGE TED STEVENS INTERNATIONAL AIRPORT, AK US","1954-09-25",,,"0.00","0.0","0.0"
"USW00026451","ANCHORAGE TED STEVENS INTERNATIONAL AIRPORT, AK US","1954-09-26",,,"0.00","0.0","0.0"
"USW00026451","ANCHORAGE TED STEVENS INTERNATIONAL AIRPORT, AK US","1954-09-27",,,"0.00","0.0","0.0"
"USW00026451","ANCHORAGE TED STEVENS INTERNATIONAL AIRPORT, AK US","1954-09-28",,,"0.25","0.0","0.0"
"USW00026451","ANCHORAGE TED STEVENS INTERNATIONAL AIRPORT, AK US","1954-09-29",,,"0.13","0.0","0.0"
"USW00026451","ANCHORAGE TED STEVENS INTERNATIONAL AIRPORT, AK US","1954-09-30",,,"0.05","0.0","0.0"
"USW00026451","ANCHORAGE TED STEVENS INTERNATIONAL AIRPORT, AK US","1954-10-01",,,"0.00","0.0","0.0"
"USW00026451","ANCHORAGE TED STEVENS INTERNATIONAL AIRPORT, AK US","1954-10-02",,,"0.00","0.0","0.0"
"USW00026451","ANCHORAGE TED STEVENS INTERNATIONAL AIRPORT, AK US","1954-10-03",,,"0.00","0.0","0.0"
"USW00026451","ANCHORAGE TED STEVENS INTERNATIONAL AIRPORT, AK US","1954-10-04",,,"0.00","0.0","0.0"
"USW00026451","ANCHORAGE TED STEVENS INTERNATIONAL AIRPORT, AK US","1954-10-05",,,"0.00","0.0","0.0"
"USW00026451","ANCHORAGE TED STEVENS INTERNATIONAL AIRPORT, AK US","1954-10-06",,,"0.00","0.0","0.0"
"USW00026451","ANCHORAGE TED STEVENS INTERNATIONAL AIRPORT, AK US","1954-10-07",,,"0.00","0.0","0.0"
"USW00026451","ANCHORAGE TED STEVENS INTERNATIONAL AIRPORT, AK US","1954-10-08",,,"0.34","0.0","0.0"
"USW00026451","ANCHORAGE TED STEVENS INTERNATIONAL AIRPORT, AK US","1954-10-09",,,"0.00","0.0","0.0"
"USW00026451","ANCHORAGE TED STEVENS INTERNATIONAL AIRPORT, AK US","1954-10-10",,,"0.00","0.0","0.0"
"USW00026451","ANCHORAGE TED STEVENS INTERNATIONAL AIRPORT, AK US","1954-10-11",,,"0.00","0.0","0.0"
"USW00026451","ANCHORAGE TED STEVENS INTERNATIONAL AIRPORT, AK US","1954-10-12",,,"0.09","0.0","0.0"
"USW00026451","ANCHORAGE TED STEVENS INTERNATIONAL AIRPORT, AK US","1954-10-13",,,"0.00","0.0","0.0"
"USW00026451","ANCHORAGE TED STEVENS INTERNATIONAL AIRPORT, AK US","1954-10-14",,,"0.00","0.0","0.0"
"USW00026451","ANCHORAGE TED STEVENS INTERNATIONAL AIRPORT, AK US","1954-10-15",,,"0.05","0.0","0.0"
"USW00026451","ANCHORAGE TED STEVENS INTERNATIONAL AIRPORT, AK US","1954-10-16",,,"0.54","0.0","0.0"
"USW00026451","ANCHORAGE TED STEVENS INTERNATIONAL AIRPORT, AK US","1954-10-17",,,"0.00","0.0","0.0"
"USW00026451","ANCHORAGE TED STEVENS INTERNATIONAL AIRPORT, AK US","1954-10-18",,,"0.00","0.0","0.0"
"USW00026451","ANCHORAGE TED STEVENS INTERNATIONAL AIRPORT, AK US","1954-10-19",,,"0.88","8.6","2.0"
"USW00026451","ANCHORAGE TED STEVENS INTERNATIONAL AIRPORT, AK US","1954-10-20",,,"0.01","0.1","9.0"
"USW00026451","ANCHORAGE TED STEVENS INTERNATIONAL AIRPORT, AK US","1954-10-21",,,"0.00","0.0","4.0"
"USW00026451","ANCHORAGE TED STEVENS INTERNATIONAL AIRPORT, AK US","1954-10-22",,,"0.00","0.0","2.0"
"USW00026451","ANCHORAGE TED STEVENS INTERNATIONAL AIRPORT, AK US","1954-10-23",,,"0.00","0.0","1.0"
"USW00026451","ANCHORAGE TED STEVENS INTERNATIONAL AIRPORT, AK US","1954-10-24",,,"0.00","0.0","0.0"
"USW00026451","ANCHORAGE TED STEVENS INTERNATIONAL AIRPORT, AK US","1954-10-25",,,"0.00","0.0","0.0"
"USW00026451","ANCHORAGE TED STEVENS INTERNATIONAL AIRPORT, AK US","1954-10-26",,,"0.00","0.0","0.0"
"USW00026451","ANCHORAGE TED STEVENS INTERNATIONAL AIRPORT, AK US","1954-10-27",,,"0.00","0.0","0.0"
"USW00026451","ANCHORAGE TED STEVENS INTERNATIONAL AIRPORT, AK US","1954-10-28",,,"0.01","0.0","0.0"
"USW00026451","ANCHORAGE TED STEVENS INTERNATIONAL AIRPORT, AK US","1954-10-29",,,"0.00","0.0","0.0"
"USW00026451","ANCHORAGE TED STEVENS INTERNATIONAL AIRPORT, AK US","1954-10-30",,,"0.00","0.0","0.0"
"USW00026451","ANCHORAGE TED STEVENS INTERNATIONAL AIRPORT, AK US","1954-10-31",,,"0.10","0.0","0.0"
"USW00026451","ANCHORAGE TED STEVENS INTERNATIONAL AIRPORT, AK US","1954-11-01",,,"0.02","0.0","0.0"
"USW00026451","ANCHORAGE TED STEVENS INTERNATIONAL AIRPORT, AK US","1954-11-02",,,"0.00","0.0","0.0"
"USW00026451","ANCHORAGE TED STEVENS INTERNATIONAL AIRPORT, AK US","1954-11-03",,,"0.04","0.0","0.0"
"USW00026451","ANCHORAGE TED STEVENS INTERNATIONAL AIRPORT, AK US","1954-11-04",,,"0.00","0.0","0.0"
"USW00026451","ANCHORAGE TED STEVENS INTERNATIONAL AIRPORT, AK US","1954-11-05",,,"0.06","0.7","0.0"
"USW00026451","ANCHORAGE TED STEVENS INTERNATIONAL AIRPORT, AK US","1954-11-06",,,"0.18","1.7","2.0"
"USW00026451","ANCHORAGE TED STEVENS INTERNATIONAL AIRPORT, AK US","1954-11-07",,,"0.00","0.0","1.0"
"USW00026451","ANCHORAGE TED STEVENS INTERNATIONAL AIRPORT, AK US","1954-11-08",,,"0.00","0.0","1.0"
"USW00026451","ANCHORAGE TED STEVENS INTERNATIONAL AIRPORT, AK US","1954-11-09",,,"0.00","0.0","0.0"
"USW00026451","ANCHORAGE TED STEVENS INTERNATIONAL AIRPORT, AK US","1954-11-10",,,"0.00","0.0","0.0"
"USW00026451","ANCHORAGE TED STEVENS INTERNATIONAL AIRPORT, AK US","1954-11-11",,,"0.00","0.0","0.0"
"USW00026451","ANCHORAGE TED STEVENS INTERNATIONAL AIRPORT, AK US","1954-11-12",,,"0.08","2.6","0.0"
"USW00026451","ANCHORAGE TED STEVENS INTERNATIONAL AIRPORT, AK US","1954-11-13",,,"0.17","2.1","4.0"
"USW00026451","ANCHORAGE TED STEVENS INTERNATIONAL AIRPORT, AK US","1954-11-14",,,"0.00","0.0","4.0"
"USW00026451","ANCHORAGE TED STEVENS INTERNATIONAL AIRPORT, AK US","1954-11-15",,,"0.00","0.0","3.0"
"USW00026451","ANCHORAGE TED STEVENS INTERNATIONAL AIRPORT, AK US","1954-11-16",,,"0.17","0.2","3.0"
"USW00026451","ANCHORAGE TED STEVENS INTERNATIONAL AIRPORT, AK US","1954-11-17",,,"0.00","0.0","2.0"
"USW00026451","ANCHORAGE TED STEVENS INTERNATIONAL AIRPORT, AK US","1954-11-18",,,"0.00","0.0","2.0"
"USW00026451","ANCHORAGE TED STEVENS INTERNATIONAL AIRPORT, AK US","1954-11-19",,,"0.00","0.0","2.0"
"USW00026451","ANCHORAGE TED STEVENS INTERNATIONAL AIRPORT, AK US","1954-11-20",,,"0.00","0.1","2.0"
"USW00026451","ANCHORAGE TED STEVENS INTERNATIONAL AIRPORT, AK US","1954-11-21",,,"0.00","0.0","2.0"
"USW00026451","ANCHORAGE TED STEVENS INTERNATIONAL AIRPORT, AK US","1954-11-22",,,"0.01","0.0","1.0"
"USW00026451","ANCHORAGE TED STEVENS INTERNATIONAL AIRPORT, AK US","1954-11-23",,,"0.00","0.0","1.0"
"USW00026451","ANCHORAGE TED STEVENS INTERNATIONAL AIRPORT, AK US","1954-11-24",,,"0.00","0.0","1.0"
"USW00026451","ANCHORAGE TED STEVENS INTERNATIONAL AIRPORT, AK US","1954-11-25",,,"0.00","0.0","1.0"
"USW00026451","ANCHORAGE TED STEVENS INTERNATIONAL AIRPORT, AK US","1954-11-26",,,"0.00","0.0","1.0"
"USW00026451","ANCHORAGE TED STEVENS INTERNATIONAL AIRPORT, AK US","1954-11-27",,,"0.03","0.0","1.0"
"USW00026451","ANCHORAGE TED STEVENS INTERNATIONAL AIRPORT, AK US","1954-11-28",,,"0.12","0.0","0.0"
"USW00026451","ANCHORAGE TED STEVENS INTERNATIONAL AIRPORT, AK US","1954-11-29",,,"0.00","0.0","0.0"
"USW00026451","ANCHORAGE TED STEVENS INTERNATIONAL AIRPORT, AK US","1954-11-30",,,"0.05","0.6","0.0"
"USW00026451","ANCHORAGE TED STEVENS INTERNATIONAL AIRPORT, AK US","1954-12-01",,,"0.18","1.1","2.0"
"USW00026451","ANCHORAGE TED STEVENS INTERNATIONAL AIRPORT, AK US","1954-12-02",,,"0.01","0.2","2.0"
"USW00026451","ANCHORAGE TED STEVENS INTERNATIONAL AIRPORT, AK US","1954-12-03",,,"0.00","0.0","2.0"
"USW00026451","ANCHORAGE TED STEVENS INTERNATIONAL AIRPORT, AK US","1954-12-04",,,"0.00","0.0","2.0"
"USW00026451","ANCHORAGE TED STEVENS INTERNATIONAL AIRPORT, AK US","1954-12-05",,,"0.00","0.0","2.0"
"USW00026451","ANCHORAGE TED STEVENS INTERNATIONAL AIRPORT, AK US","1954-12-06",,,"0.01","0.1","2.0"
"USW00026451","ANCHORAGE TED STEVENS INTERNATIONAL AIRPORT, AK US","1954-12-07",,,"0.00","0.0","2.0"
"USW00026451","ANCHORAGE TED STEVENS INTERNATIONAL AIRPORT, AK US","1954-12-08",,,"0.00","0.0","1.0"
"USW00026451","ANCHORAGE TED STEVENS INTERNATIONAL AIRPORT, AK US","1954-12-09",,,"0.00","0.0","1.0"
"USW00026451","ANCHORAGE TED STEVENS INTERNATIONAL AIRPORT, AK US","1954-12-10",,,"0.00","0.0","1.0"
"USW00026451","ANCHORAGE TED STEVENS INTERNATIONAL AIRPORT, AK US","1954-12-11",,,"0.00","0.0","1.0"
"USW00026451","ANCHORAGE TED STEVENS INTERNATIONAL AIRPORT, AK US","1954-12-12",,,"0.11","2.4","1.0"
"USW00026451","ANCHORAGE TED STEVENS INTERNATIONAL AIRPORT, AK US","1954-12-13",,,"0.01","0.3","4.0"
"USW00026451","ANCHORAGE TED STEVENS INTERNATIONAL AIRPORT, AK US","1954-12-14",,,"0.00","0.0","3.0"
"USW00026451","ANCHORAGE TED STEVENS INTERNATIONAL AIRPORT, AK US","1954-12-15",,,"0.00","0.0","3.0"
"USW00026451","ANCHORAGE TED STEVENS INTERNATIONAL AIRPORT, AK US","1954-12-16",,,"0.00","0.0","2.0"
"USW00026451","ANCHORAGE TED STEVENS INTERNATIONAL AIRPORT, AK US","1954-12-17",,,"0.10","1.4","3.0"
"USW00026451","ANCHORAGE TED STEVENS INTERNATIONAL AIRPORT, AK US","1954-12-18",,,"0.00","0.1","3.0"
"USW00026451","ANCHORAGE TED STEVENS INTERNATIONAL AIRPORT, AK US","1954-12-19",,,"0.04","0.7","3.0"
"USW00026451","ANCHORAGE TED STEVENS INTERNATIONAL AIRPORT, AK US","1954-12-20",,,"0.25","9.0","4.0"
"USW00026451","ANCHORAGE TED STEVENS INTERNATIONAL AIRPORT, AK US","1954-12-21",,,"0.23","3.1","13.0"
"USW00026451","ANCHORAGE TED STEVENS INTERNATIONAL AIRPORT, AK US","1954-12-22",,,"0.06","0.6","16.0"
"USW00026451","ANCHORAGE TED STEVENS INTERNATIONAL AIRPORT, AK US","1954-12-23",,,"0.00","0.0","16.0"
"USW00026451","ANCHORAGE TED STEVENS INTERNATIONAL AIRPORT, AK US","1954-12-24",,,"0.00","0.0","16.0"
"USW00026451","ANCHORAGE TED STEVENS INTERNATIONAL AIRPORT, AK US","1954-12-25",,,"0.00","0.0","15.0"
"USW00026451","ANCHORAGE TED STEVENS INTERNATIONAL AIRPORT, AK US","1954-12-26",,,"0.00","0.0","12.0"
"USW00026451","ANCHORAGE TED STEVENS INTERNATIONAL AIRPORT, AK US","1954-12-27",,,"0.00","0.0","8.0"
"USW00026451","ANCHORAGE TED STEVENS INTERNATIONAL AIRPORT, AK US","1954-12-28",,,"0.00","0.0","8.0"
"USW00026451","ANCHORAGE TED STEVENS INTERNATIONAL AIRPORT, AK US","1954-12-29",,,"0.00","0.0","8.0"
"USW00026451","ANCHORAGE TED STEVENS INTERNATIONAL AIRPORT, AK US","1954-12-30",,,"0.00","0.0","8.0"
"USW00026451","ANCHORAGE TED STEVENS INTERNATIONAL AIRPORT, AK US","1954-12-31",,,"0.00","0.0","7.0"
